{"textures":{"0":"modelengine:entity/satan","3":"modelengine:entity/satan_arm"},"elements":[{"from":[9.790296,9.3471985,2.330346],"to":[13.88843,14.19873,12.845669],"faces":{"east":{"uv":[10.5,3.0,13.5625,4.6875],"tintindex":0,"rotation":0,"texture":"#0"},"south":{"uv":[13.5,7.0,14.9375,8.6875],"tintindex":0,"rotation":0,"texture":"#0"},"north":{"uv":[3.0,13.5,4.4375,15.1875],"tintindex":0,"rotation":0,"texture":"#0"},"west":{"uv":[5.5,10.5,8.5625,12.1875],"tintindex":0,"rotation":0,"texture":"#0"},"up":{"uv":[1.4375,14.0625,0.0,11.0],"tintindex":0,"rotation":0,"texture":"#0"},"down":{"uv":[2.9375,11.0,1.5,14.0625],"tintindex":0,"rotation":0,"texture":"#0"}},"rotation":{"origin":[15.784998,12.553673,6.6521072],"angle":45.0,"axis":"z"}},{"from":[6.949193,-3.1867409,6.3799515],"to":[16.121014,2.3163528,10.048679],"faces":{"east":{"uv":[4.25,7.0,4.75,7.75],"tintindex":0,"rotation":0,"texture":"#3"},"south":{"uv":[5.5,4.0,6.71875,4.75],"tintindex":0,"rotation":0,"texture":"#3"},"north":{"uv":[4.5,5.25,5.71875,6.0],"tintindex":0,"rotation":0,"texture":"#3"},"west":{"uv":[4.75,7.0,5.25,7.75],"tintindex":0,"rotation":0,"texture":"#3"},"up":{"uv":[7.71875,5.75,6.5,5.25],"tintindex":0,"rotation":0,"texture":"#3"},"down":{"uv":[7.71875,5.75,6.5,6.25],"tintindex":0,"rotation":0,"texture":"#3"}},"rotation":{"origin":[11.535103,-0.4351921,8.214315],"angle":-45.0,"axis":"z"}},{"from":[-3.218524,10.47776,3.7767124],"to":[-3.218524,13.879425,16.602144],"faces":{"east":{"uv":[5.5,12.5,7.6875,13.6875],"tintindex":0,"rotation":0,"texture":"#0"},"south":{"uv":[7.6875,12.5,5.5,13.6875],"tintindex":0,"rotation":0,"texture":"#0"},"north":{"uv":[7.6875,12.5,5.5,13.6875],"tintindex":0,"rotation":0,"texture":"#0"},"west":{"uv":[7.6875,12.5,5.5,13.6875],"tintindex":0,"rotation":0,"texture":"#0"},"up":{"uv":[7.6875,12.5,5.5,13.6875],"tintindex":0,"rotation":0,"texture":"#0"},"down":{"uv":[7.6875,12.5,5.5,13.6875],"tintindex":0,"rotation":0,"texture":"#0"}},"rotation":{"origin":[-2.0947952,12.814865,9.497244],"angle":-45.0,"axis":"y"}},{"from":[17.788517,10.47776,3.7767124],"to":[17.788517,13.879425,16.602144],"faces":{"east":{"uv":[5.5,12.5,7.6875,13.6875],"tintindex":0,"rotation":0,"texture":"#0"},"south":{"uv":[5.5,12.5,7.6875,13.6875],"tintindex":0,"rotation":0,"texture":"#0"},"north":{"uv":[5.5,12.5,7.6875,13.6875],"tintindex":0,"rotation":0,"texture":"#0"},"west":{"uv":[7.6875,12.5,5.5,13.6875],"tintindex":0,"rotation":0,"texture":"#0"},"up":{"uv":[5.5,12.5,7.6875,13.6875],"tintindex":0,"rotation":0,"texture":"#0"},"down":{"uv":[5.5,12.5,7.6875,13.6875],"tintindex":0,"rotation":0,"texture":"#0"}},"rotation":{"origin":[16.66479,12.814865,9.497244],"angle":45.0,"axis":"y"}},{"from":[0.9118929,5.868637,2.2421474],"to":[13.658102,10.819176,12.933868],"faces":{"east":{"uv":[0.0,9.0,3.125,10.75],"tintindex":0,"rotation":0,"texture":"#0"},"south":{"uv":[0.0,7.0,4.5,8.75],"tintindex":0,"rotation":0,"texture":"#0"},"north":{"uv":[4.5,6.0,9.0,7.75],"tintindex":0,"rotation":0,"texture":"#0"},"west":{"uv":[9.0,5.0,12.125,6.75],"tintindex":0,"rotation":0,"texture":"#0"},"up":{"uv":[4.5,3.125,0.0,0.0],"tintindex":0,"rotation":0,"texture":"#0"},"down":{"uv":[4.5,3.5,0.0,6.625],"tintindex":0,"rotation":0,"texture":"#0"}}},{"from":[-1.3710184,-3.1867409,6.3799515],"to":[7.800802,2.3163528,10.048679],"faces":{"east":{"uv":[5.25,7.0,4.75,7.75],"tintindex":0,"rotation":0,"texture":"#3"},"south":{"uv":[6.71875,4.0,5.5,4.75],"tintindex":0,"rotation":0,"texture":"#3"},"north":{"uv":[5.71875,5.25,4.5,6.0],"tintindex":0,"rotation":0,"texture":"#3"},"west":{"uv":[4.75,7.0,4.25,7.75],"tintindex":0,"rotation":0,"texture":"#3"},"up":{"uv":[6.5,5.75,7.71875,5.25],"tintindex":0,"rotation":0,"texture":"#3"},"down":{"uv":[6.5,5.75,7.71875,6.25],"tintindex":0,"rotation":0,"texture":"#3"}},"rotation":{"origin":[3.2148924,-0.4351921,8.214315],"angle":45.0,"axis":"z"}},{"from":[-3.218524,10.47776,4.264145],"to":[0.88344145,13.879425,10.911871],"faces":{"east":{"uv":[15.6875,10.5,14.0,11.6875],"tintindex":0,"rotation":0,"texture":"#0"},"south":{"uv":[1.4375,14.5,0.0,15.6875],"tintindex":0,"rotation":0,"texture":"#0"},"north":{"uv":[11.9375,9.0,10.5,10.1875],"tintindex":0,"rotation":0,"texture":"#0"},"west":{"uv":[15.6875,9.0,14.0,10.1875],"tintindex":0,"rotation":0,"texture":"#0"},"up":{"uv":[14.0,3.6875,15.4375,2.0],"tintindex":0,"rotation":0,"texture":"#0"},"down":{"uv":[4.5,14.0,5.9375,15.6875],"tintindex":0,"rotation":0,"texture":"#0"}}},{"from":[13.686554,10.47776,4.264145],"to":[17.788517,13.879425,10.911871],"faces":{"east":{"uv":[14.0,9.0,15.6875,10.1875],"tintindex":0,"rotation":0,"texture":"#0"},"south":{"uv":[0.0,14.5,1.4375,15.6875],"tintindex":0,"rotation":0,"texture":"#0"},"north":{"uv":[10.5,9.0,11.9375,10.1875],"tintindex":0,"rotation":0,"texture":"#0"},"west":{"uv":[14.0,10.5,15.6875,11.6875],"tintindex":0,"rotation":0,"texture":"#0"},"up":{"uv":[15.4375,3.6875,14.0,2.0],"tintindex":0,"rotation":0,"texture":"#0"},"down":{"uv":[5.9375,14.0,4.5,15.6875],"tintindex":0,"rotation":0,"texture":"#0"}}},{"from":[0.6815653,9.3471985,2.330346],"to":[4.779699,14.19873,12.845669],"faces":{"east":{"uv":[8.5625,10.5,5.5,12.1875],"tintindex":0,"rotation":0,"texture":"#0"},"south":{"uv":[14.9375,7.0,13.5,8.6875],"tintindex":0,"rotation":0,"texture":"#0"},"north":{"uv":[4.4375,13.5,3.0,15.1875],"tintindex":0,"rotation":0,"texture":"#0"},"west":{"uv":[13.5625,3.0,10.5,4.6875],"tintindex":0,"rotation":0,"texture":"#0"},"up":{"uv":[0.0,14.0625,1.4375,11.0],"tintindex":0,"rotation":0,"texture":"#0"},"down":{"uv":[1.5,11.0,2.9375,14.0625],"tintindex":0,"rotation":0,"texture":"#0"}},"rotation":{"origin":[-1.215003,12.553673,6.6521072],"angle":-45.0,"axis":"z"}},{"from":[13.4020405,9.481964,3.9690027],"to":[18.01099,11.881493,11.207014],"faces":{"east":{"uv":[10.5,13.0,12.375,14.3125],"tintindex":0,"rotation":0,"texture":"#0"},"south":{"uv":[8.0,14.0,9.625,15.3125],"tintindex":0,"rotation":0,"texture":"#0"},"north":{"uv":[6.0,14.0,7.625,15.3125],"tintindex":0,"rotation":0,"texture":"#0"},"west":{"uv":[12.5,13.0,14.375,14.3125],"tintindex":0,"rotation":0,"texture":"#0"},"up":{"uv":[13.625,10.875,12.0,9.0],"tintindex":0,"rotation":0,"texture":"#0"},"down":{"uv":[13.625,11.0,12.0,12.875],"tintindex":0,"rotation":0,"texture":"#0"}},"rotation":{"origin":[15.472576,12.559731,6.6521072],"angle":-22.5,"axis":"z"}},{"from":[3.0172935,-0.90278625,2.455532],"to":[11.552702,6.2100525,12.86274],"faces":{"east":{"uv":[7.5,2.5,10.5,5.0],"tintindex":0,"rotation":0,"texture":"#0"},"south":{"uv":[4.5,8.0,7.5,10.5],"tintindex":0,"rotation":0,"texture":"#0"},"north":{"uv":[7.5,0.0,10.5,2.5],"tintindex":0,"rotation":0,"texture":"#0"},"west":{"uv":[7.5,8.0,10.5,10.5],"tintindex":0,"rotation":0,"texture":"#0"},"up":{"uv":[7.5,3.0,4.5,0.0],"tintindex":0,"rotation":0,"texture":"#0"},"down":{"uv":[7.5,3.0,4.5,6.0],"tintindex":0,"rotation":0,"texture":"#0"}}}],"display":{"gui":{"rotation":[30,225,0]}}}