{"textures":{"3":"modelengine:entity/satan_arm"},"elements":[{"from":[14.53799,14.944599,8.879541],"to":[19.429562,22.299301,8.879541],"faces":{"east":{"uv":[0.0,0.0,1.40625,2.125],"tintindex":0,"rotation":0,"texture":"#3"},"south":{"uv":[1.40625,0.0,0.0,2.125],"tintindex":0,"rotation":0,"texture":"#3"},"north":{"uv":[0.0,0.0,1.40625,2.125],"tintindex":0,"rotation":0,"texture":"#3"},"west":{"uv":[0.0,0.0,1.40625,2.125],"tintindex":0,"rotation":0,"texture":"#3"},"up":{"uv":[0.0,0.0,1.40625,2.125],"tintindex":0,"rotation":0,"texture":"#3"},"down":{"uv":[0.0,0.0,1.40625,2.125],"tintindex":0,"rotation":0,"texture":"#3"}},"rotation":{"origin":[16.047092,18.327068,8.879541],"angle":-22.5,"axis":"z"}},{"from":[11.4869,14.13652,8.012241],"to":[15.8234,16.73842,9.746841],"faces":{"east":{"uv":[7.0,6.25,7.5,7.0],"tintindex":0,"rotation":0,"texture":"#3"},"south":{"uv":[5.0,0.0,6.25,0.75],"tintindex":0,"rotation":0,"texture":"#3"},"north":{"uv":[4.75,3.25,6.0,4.0],"tintindex":0,"rotation":0,"texture":"#3"},"west":{"uv":[7.0,7.0,7.5,7.75],"tintindex":0,"rotation":0,"texture":"#3"},"up":{"uv":[7.5,0.5,6.25,0.0],"tintindex":0,"rotation":0,"texture":"#3"},"down":{"uv":[7.75,4.75,6.5,5.25],"tintindex":0,"rotation":0,"texture":"#3"}},"rotation":{"origin":[13.2215,15.00382,8.879541],"angle":22.5,"axis":"z"}},{"from":[17.12426,0.22504616,7.1362677],"to":[18.89355,2.8963299,8.020914],"faces":{"east":{"uv":[1.75,4.0,2.0,4.78125],"tintindex":0,"rotation":0,"texture":"#3"},"south":{"uv":[0.5,7.0,1.0,7.78125],"tintindex":0,"rotation":0,"texture":"#3"},"north":{"uv":[5.75,6.75,6.25,7.53125],"tintindex":0,"rotation":0,"texture":"#3"},"west":{"uv":[3.0,7.0,3.25,7.78125],"tintindex":0,"rotation":0,"texture":"#3"},"up":{"uv":[6.5,4.0,6.0,3.75],"tintindex":0,"rotation":0,"texture":"#3"},"down":{"uv":[6.75,0.5,6.25,0.75],"tintindex":0,"rotation":0,"texture":"#3"}},"rotation":{"origin":[17.566582,3.3386536,8.90556],"angle":-22.5,"axis":"z"}},{"from":[15.222907,8.002878,7.196632],"to":[17.729925,13.927404,10.56245],"faces":{"east":{"uv":[0.0,2.25,0.96875,3.96875],"tintindex":0,"rotation":0,"texture":"#3"},"south":{"uv":[3.0,3.0,3.71875,4.71875],"tintindex":0,"rotation":0,"texture":"#3"},"north":{"uv":[3.0,1.25,3.71875,2.96875],"tintindex":0,"rotation":0,"texture":"#3"},"west":{"uv":[1.0,2.25,1.96875,3.96875],"tintindex":0,"rotation":0,"texture":"#3"},"up":{"uv":[6.71875,3.71875,6.0,2.75],"tintindex":0,"rotation":0,"texture":"#3"},"down":{"uv":[5.21875,6.0,4.5,6.96875],"tintindex":0,"rotation":0,"texture":"#3"}},"rotation":{"origin":[16.476418,10.965141,8.879541],"angle":22.5,"axis":"z"}},{"from":[15.8234,11.53462,7.144941],"to":[18.4253,15.87112,10.614141],"faces":{"east":{"uv":[2.0,2.25,3.0,3.5],"tintindex":0,"rotation":0,"texture":"#3"},"south":{"uv":[1.75,5.0,2.5,6.25],"tintindex":0,"rotation":0,"texture":"#3"},"north":{"uv":[3.0,4.75,3.75,6.0],"tintindex":0,"rotation":0,"texture":"#3"},"west":{"uv":[3.0,0.0,4.0,1.25],"tintindex":0,"rotation":0,"texture":"#3"},"up":{"uv":[4.5,6.75,3.75,5.75],"tintindex":0,"rotation":0,"texture":"#3"},"down":{"uv":[6.5,4.75,5.75,5.75],"tintindex":0,"rotation":0,"texture":"#3"}},"rotation":{"origin":[15.8234,10.66732,8.879541],"angle":22.5,"axis":"z"}},{"from":[16.253096,2.8217564,8.255085],"to":[18.681536,8.545935,9.503997],"faces":{"east":{"uv":[3.25,6.0,3.625,7.65625],"tintindex":0,"rotation":0,"texture":"#3"},"south":{"uv":[3.75,4.0,4.4375,5.65625],"tintindex":0,"rotation":0,"texture":"#3"},"north":{"uv":[1.0,4.0,1.6875,5.65625],"tintindex":0,"rotation":0,"texture":"#3"},"west":{"uv":[5.25,6.0,5.625,7.65625],"tintindex":0,"rotation":0,"texture":"#3"},"up":{"uv":[5.6875,1.125,5.0,0.75],"tintindex":0,"rotation":0,"texture":"#3"},"down":{"uv":[7.9375,3.0,7.25,3.375],"tintindex":0,"rotation":0,"texture":"#3"}}},{"from":[17.12435,-0.60757923,7.144941],"to":[18.85895,2.86162,10.614141],"faces":{"east":{"uv":[4.75,1.25,5.75,2.25],"tintindex":0,"rotation":0,"texture":"#3"},"south":{"uv":[0.0,6.5,0.5,7.5],"tintindex":0,"rotation":0,"texture":"#3"},"north":{"uv":[2.5,5.0,3.0,6.0],"tintindex":0,"rotation":0,"texture":"#3"},"west":{"uv":[4.75,2.25,5.75,3.25],"tintindex":0,"rotation":0,"texture":"#3"},"up":{"uv":[7.0,7.25,6.5,6.25],"tintindex":0,"rotation":0,"texture":"#3"},"down":{"uv":[7.25,0.5,6.75,1.5],"tintindex":0,"rotation":0,"texture":"#3"}}},{"from":[16.74387,2.9562874,7.715971],"to":[17.770752,4.1427536,10.04311],"faces":{"east":{"uv":[6.25,7.25,6.90625,7.59375],"tintindex":0,"rotation":0,"texture":"#3"},"south":{"uv":[2.0,7.75,2.28125,8.09375],"tintindex":0,"rotation":0,"texture":"#3"},"north":{"uv":[1.5,7.75,1.78125,8.09375],"tintindex":0,"rotation":0,"texture":"#3"},"west":{"uv":[7.5,0.0,8.15625,0.34375],"tintindex":0,"rotation":0,"texture":"#3"},"up":{"uv":[0.28125,8.15625,0.0,7.5],"tintindex":0,"rotation":0,"texture":"#3"},"down":{"uv":[7.78125,6.25,7.5,6.90625],"tintindex":0,"rotation":0,"texture":"#3"}}},{"from":[16.400736,6.756796,7.2807775],"to":[18.135336,9.91329,10.478304],"faces":{"east":{"uv":[5.75,0.75,6.65625,1.65625],"tintindex":0,"rotation":0,"texture":"#3"},"south":{"uv":[6.75,2.5,7.25,3.40625],"tintindex":0,"rotation":0,"texture":"#3"},"north":{"uv":[6.75,1.5,7.25,2.40625],"tintindex":0,"rotation":0,"texture":"#3"},"west":{"uv":[5.75,1.75,6.65625,2.65625],"tintindex":0,"rotation":0,"texture":"#3"},"up":{"uv":[7.25,4.40625,6.75,3.5],"tintindex":0,"rotation":0,"texture":"#3"},"down":{"uv":[4.25,6.75,3.75,7.65625],"tintindex":0,"rotation":0,"texture":"#3"}},"rotation":{"origin":[18.45063,7.10738,8.879541],"angle":-22.5,"axis":"z"}},{"from":[13.721436,11.84477,7.179633],"to":[16.271297,16.09454,10.579449],"faces":{"east":{"uv":[3.75,2.75,4.71875,3.96875],"tintindex":0,"rotation":0,"texture":"#3"},"south":{"uv":[0.75,5.75,1.5,6.96875],"tintindex":0,"rotation":0,"texture":"#3"},"north":{"uv":[0.0,5.25,0.75,6.46875],"tintindex":0,"rotation":0,"texture":"#3"},"west":{"uv":[0.0,4.0,0.96875,5.21875],"tintindex":0,"rotation":0,"texture":"#3"},"up":{"uv":[6.5,6.71875,5.75,5.75],"tintindex":0,"rotation":0,"texture":"#3"},"down":{"uv":[3.25,6.0,2.5,6.96875],"tintindex":0,"rotation":0,"texture":"#3"}},"rotation":{"origin":[14.9963665,13.969654,8.879541],"angle":45.0,"axis":"z"}},{"from":[14.53799,14.077299,8.376507],"to":[17.694962,17.962803,9.382575],"faces":{"east":{"uv":[7.25,0.5,7.53125,1.625],"tintindex":0,"rotation":0,"texture":"#3"},"south":{"uv":[4.5,4.0,5.40625,5.125],"tintindex":0,"rotation":0,"texture":"#3"},"north":{"uv":[4.0,0.0,4.90625,1.125],"tintindex":0,"rotation":0,"texture":"#3"},"west":{"uv":[7.25,1.75,7.53125,2.875],"tintindex":0,"rotation":0,"texture":"#3"},"up":{"uv":[8.15625,3.78125,7.25,3.5],"tintindex":0,"rotation":0,"texture":"#3"},"down":{"uv":[8.15625,4.0,7.25,4.28125],"tintindex":0,"rotation":0,"texture":"#3"}},"rotation":{"origin":[15.179791,16.592468,8.879541],"angle":-22.5,"axis":"z"}},{"from":[16.751698,3.6890545,7.387785],"to":[18.312836,8.545935,10.371297],"faces":{"east":{"uv":[2.0,3.5,2.875,4.90625],"tintindex":0,"rotation":0,"texture":"#3"},"south":{"uv":[2.0,6.25,2.4375,7.65625],"tintindex":0,"rotation":0,"texture":"#3"},"north":{"uv":[1.5,6.25,1.9375,7.65625],"tintindex":0,"rotation":0,"texture":"#3"},"west":{"uv":[3.75,1.25,4.625,2.65625],"tintindex":0,"rotation":0,"texture":"#3"},"up":{"uv":[1.4375,7.875,1.0,7.0],"tintindex":0,"rotation":0,"texture":"#3"},"down":{"uv":[2.9375,7.0,2.5,7.875],"tintindex":0,"rotation":0,"texture":"#3"}}}],"display":{"gui":{"rotation":[30,225,0]}}}