{"textures":{"0":"modelengine:entity/god_of_death"},"elements":[{"from":[-7.075506,7.223648,0.9434271],"to":[5.245493,17.080444,10.800227],"faces":{"east":{"uv":[8.375,5.375,9.375,6.375],"tintindex":0,"rotation":0,"texture":"#0"},"south":{"uv":[1.625,7.875,2.875,8.875],"tintindex":0,"rotation":0,"texture":"#0"},"north":{"uv":[7.5,2.75,8.75,3.75],"tintindex":0,"rotation":0,"texture":"#0"},"west":{"uv":[8.375,5.375,9.375,6.375],"tintindex":0,"rotation":0,"texture":"#0"},"up":{"uv":[7.75,9.0,6.5,8.0],"tintindex":0,"rotation":0,"texture":"#0"},"down":{"uv":[7.75,9.0,6.5,8.0],"tintindex":0,"rotation":0,"texture":"#0"}},"rotation":{"origin":[17.566494,18.312546,7.103927],"angle":22.5,"axis":"z"}},{"from":[5.245493,7.223648,0.9434271],"to":[10.173893,17.080444,10.800227],"faces":{"east":{"uv":[8.625,3.875,9.625,4.875],"tintindex":0,"rotation":0,"texture":"#0"},"south":{"uv":[5.0,9.875,4.5,10.875],"tintindex":0,"rotation":0,"texture":"#0"},"north":{"uv":[4.5,9.875,5.0,10.875],"tintindex":0,"rotation":0,"texture":"#0"},"west":{"uv":[4.125,8.75,5.125,9.75],"tintindex":0,"rotation":0,"texture":"#0"},"up":{"uv":[8.375,11.25,7.875,10.25],"tintindex":0,"rotation":0,"texture":"#0"},"down":{"uv":[8.375,10.25,7.875,11.25],"tintindex":0,"rotation":0,"texture":"#0"}},"rotation":{"origin":[17.566494,18.312546,7.103927],"angle":22.5,"axis":"z"}}],"display":{"gui":{"rotation":[30,225,0]}}}