{"textures":{"0":"modelengine:entity/god_of_death"},"elements":[{"from":[-4.724674,20.953457,8.0],"to":[2.667923,24.649761,8.0],"faces":{"south":{"uv":[2.0,10.875,2.75,11.25],"tintindex":0,"rotation":0,"texture":"#0"},"north":{"uv":[2.75,10.875,2.0,11.25],"tintindex":0,"rotation":0,"texture":"#0"}},"rotation":{"origin":[42.095123,28.962109,4.3037],"angle":22.5,"axis":"z"}},{"from":[-4.724674,17.25716,8.0],"to":[2.667923,20.953457,8.0],"faces":{"south":{"uv":[10.75,8.875,11.5,8.5],"tintindex":0,"rotation":0,"texture":"#0"},"north":{"uv":[11.5,8.875,10.75,8.5],"tintindex":0,"rotation":0,"texture":"#0"}},"rotation":{"origin":[42.095123,28.962109,4.3037],"angle":22.5,"axis":"z"}},{"from":[-4.724674,24.649761,8.0],"to":[2.667923,28.346058,8.0],"faces":{"south":{"uv":[10.75,8.5,11.5,8.875],"tintindex":0,"rotation":0,"texture":"#0"},"north":{"uv":[11.5,8.5,10.75,8.875],"tintindex":0,"rotation":0,"texture":"#0"}},"rotation":{"origin":[42.095123,28.962109,4.3037],"angle":22.5,"axis":"z"}}],"display":{"gui":{"rotation":[30,225,0]}}}