{"textures":{"0":"modelengine:entity/god_of_death"},"elements":[{"from":[-4.1352882,14.302525,8.0],"to":[3.2573128,17.998821,8.0],"faces":{"south":{"uv":[10.625,1.625,11.375,1.25],"tintindex":0,"rotation":0,"texture":"#0"},"north":{"uv":[11.375,1.625,10.625,1.25],"tintindex":0,"rotation":0,"texture":"#0"}},"rotation":{"origin":[35.291912,26.007473,4.3037],"angle":22.5,"axis":"z"}},{"from":[-4.1352882,21.695126,8.0],"to":[3.2573128,25.391422,8.0],"faces":{"south":{"uv":[10.625,1.25,11.375,1.625],"tintindex":0,"rotation":0,"texture":"#0"},"north":{"uv":[11.375,1.25,10.625,1.625],"tintindex":0,"rotation":0,"texture":"#0"}},"rotation":{"origin":[35.291912,26.007473,4.3037],"angle":22.5,"axis":"z"}},{"from":[-4.1352882,17.998821,8.0],"to":[3.2573128,21.695126,8.0],"faces":{"south":{"uv":[10.875,10.125,11.625,10.5],"tintindex":0,"rotation":0,"texture":"#0"},"north":{"uv":[11.625,10.125,10.875,10.5],"tintindex":0,"rotation":0,"texture":"#0"}},"rotation":{"origin":[35.291912,26.007473,4.3037],"angle":22.5,"axis":"z"}}],"display":{"gui":{"rotation":[30,225,0]}}}