{"textures":{"0":"modelengine:entity/god_of_death"},"elements":[{"from":[-2.0135193,20.26902,6.1518497],"to":[5.3790817,20.26902,9.84815],"faces":{"up":{"uv":[6.75,11.375,6.0,11.0],"tintindex":0,"rotation":0,"texture":"#0"},"down":{"uv":[6.75,11.0,6.0,11.375],"tintindex":0,"rotation":0,"texture":"#0"}},"rotation":{"origin":[37.41368,20.88507,12.312349],"angle":22.5,"axis":"z"}}],"display":{"gui":{"rotation":[30,225,0]}}}