{"textures":{"0":"modelengine:entity/god_of_death"},"elements":[{"from":[11.210308,23.131248,6.1518497],"to":[18.602905,23.131248,9.84815],"faces":{"up":{"uv":[11.0,5.5,11.75,5.125],"tintindex":0,"rotation":0,"texture":"#0"},"down":{"uv":[11.0,5.125,11.75,5.5],"tintindex":0,"rotation":0,"texture":"#0"}},"rotation":{"origin":[-28.216892,23.7473,12.312349],"angle":-22.5,"axis":"z"}}],"display":{"gui":{"rotation":[30,225,0]}}}