{"textures":{"0":"modelengine:entity/god_of_death"},"elements":[{"from":[10.754507,7.223648,0.9434271],"to":[23.075506,17.080444,10.800227],"faces":{"east":{"uv":[9.375,5.375,8.375,6.375],"tintindex":0,"rotation":0,"texture":"#0"},"south":{"uv":[2.875,7.875,1.625,8.875],"tintindex":0,"rotation":0,"texture":"#0"},"north":{"uv":[8.75,2.75,7.5,3.75],"tintindex":0,"rotation":0,"texture":"#0"},"west":{"uv":[9.375,5.375,8.375,6.375],"tintindex":0,"rotation":0,"texture":"#0"},"up":{"uv":[6.5,9.0,7.75,8.0],"tintindex":0,"rotation":0,"texture":"#0"},"down":{"uv":[6.5,9.0,7.75,8.0],"tintindex":0,"rotation":0,"texture":"#0"}},"rotation":{"origin":[-1.566493,18.312546,7.103927],"angle":-22.5,"axis":"z"}},{"from":[5.826107,7.223648,0.9434271],"to":[10.754507,17.080444,10.800227],"faces":{"east":{"uv":[5.125,8.75,4.125,9.75],"tintindex":0,"rotation":0,"texture":"#0"},"south":{"uv":[4.5,9.875,5.0,10.875],"tintindex":0,"rotation":0,"texture":"#0"},"north":{"uv":[5.0,9.875,4.5,10.875],"tintindex":0,"rotation":0,"texture":"#0"},"west":{"uv":[9.625,3.875,8.625,4.875],"tintindex":0,"rotation":0,"texture":"#0"},"up":{"uv":[7.875,11.25,8.375,10.25],"tintindex":0,"rotation":0,"texture":"#0"},"down":{"uv":[7.875,10.25,8.375,11.25],"tintindex":0,"rotation":0,"texture":"#0"}},"rotation":{"origin":[-1.566493,18.312546,7.103927],"angle":-22.5,"axis":"z"}}],"display":{"gui":{"rotation":[30,225,0]}}}