{"textures":{"0":"modelengine:entity/spirit_guardian"},"elements":[{"from":[5.428571,7.70428,5.137986],"to":[10.571428,12.275709,10.280844],"rotation":{"angle":-45.0,"axis":"y","origin":[8.0,9.989994,7.7094145]},"faces":{"east":{"uv":[2.0625,6.9375,1.5,7.4375],"rotation":0,"texture":"#0","tintindex":0},"south":{"uv":[1.5,6.9375,2.0625,7.4375],"rotation":0,"texture":"#0","tintindex":0},"north":{"uv":[4.9375,6.9375,4.375,7.4375],"rotation":0,"texture":"#0","tintindex":0},"west":{"uv":[4.375,6.9375,4.9375,7.4375],"rotation":0,"texture":"#0","tintindex":0},"up":{"uv":[0.875,6.625,0.3125,6.0625],"rotation":0,"texture":"#0","tintindex":0},"down":{"uv":[6.75,5.1875,6.1875,5.75],"rotation":0,"texture":"#0","tintindex":0}}},{"from":[2.4034662,11.533923,7.1379857],"to":[6.974895,13.819637,8.852272],"rotation":{"angle":-45.0,"axis":"z","origin":[4.6891804,12.676781,7.9951286]},"faces":{"east":{"uv":[7.3125,6.75,7.5,7.0],"rotation":0,"texture":"#0","tintindex":0},"south":{"uv":[8.75,1.125,8.25,1.375],"rotation":0,"texture":"#0","tintindex":0},"north":{"uv":[8.25,1.125,8.75,1.375],"rotation":0,"texture":"#0","tintindex":0},"west":{"uv":[7.375,1.5,7.5625,1.75],"rotation":0,"texture":"#0","tintindex":0},"up":{"uv":[4.375,8.75,3.875,8.5625],"rotation":0,"texture":"#0","tintindex":0},"down":{"uv":[4.9375,8.5625,4.4375,8.75],"rotation":0,"texture":"#0","tintindex":0}}},{"from":[3.0921917,13.195101,7.4237003],"to":[4.8064775,17.1951,8.566557],"rotation":{"angle":-22.5,"axis":"z","origin":[3.9493346,15.195101,7.9951286]},"faces":{"east":{"uv":[7.6875,8.875,7.8125,9.3125],"rotation":0,"texture":"#0","tintindex":0},"south":{"uv":[7.0625,0.0,6.875,0.4375],"rotation":0,"texture":"#0","tintindex":0},"north":{"uv":[6.875,0.0,7.0625,0.4375],"rotation":0,"texture":"#0","tintindex":0},"west":{"uv":[3.4375,8.9375,3.5625,9.375],"rotation":0,"texture":"#0","tintindex":0},"up":{"uv":[6.125,3.75,5.9375,3.625],"rotation":0,"texture":"#0","tintindex":0},"down":{"uv":[6.25,0.5,6.0625,0.625],"rotation":0,"texture":"#0","tintindex":0}}},{"from":[3.5325336,16.32218,7.7094145],"to":[4.6753907,20.893608,8.280843],"rotation":{"angle":22.5,"axis":"z","origin":[4.103962,18.607893,7.9951286]},"faces":{"east":{"uv":[4.4375,5.9375,4.5,6.4375],"rotation":0,"texture":"#0","tintindex":0},"south":{"uv":[1.375,8.875,1.5,9.375],"rotation":0,"texture":"#0","tintindex":0},"north":{"uv":[0.5625,8.6875,0.6875,9.1875],"rotation":0,"texture":"#0","tintindex":0},"west":{"uv":[6.5,9.125,6.5625,9.625],"rotation":0,"texture":"#0","tintindex":0},"up":{"uv":[8.0625,3.875,7.9375,3.8125],"rotation":0,"texture":"#0","tintindex":0},"down":{"uv":[8.3125,1.875,8.1875,1.9375],"rotation":0,"texture":"#0","tintindex":0}}},{"from":[7.428571,13.438213,4.128998],"to":[8.571428,17.438213,5.271855],"rotation":{"angle":22.5,"axis":"x","origin":[8.0,15.438213,4.700426]},"faces":{"east":{"uv":[1.75,9.0,1.875,9.4375],"rotation":0,"texture":"#0","tintindex":0},"south":{"uv":[1.9375,9.0,2.0625,9.4375],"rotation":0,"texture":"#0","tintindex":0},"north":{"uv":[8.4375,8.9375,8.5625,9.375],"rotation":0,"texture":"#0","tintindex":0},"west":{"uv":[2.125,9.0,2.25,9.4375],"rotation":0,"texture":"#0","tintindex":0},"up":{"uv":[5.8125,9.625,5.6875,9.5],"rotation":0,"texture":"#0","tintindex":0},"down":{"uv":[9.625,6.5625,9.5,6.6875],"rotation":0,"texture":"#0","tintindex":0}}},{"from":[7.142857,11.366556,2.9119697],"to":[8.857143,13.652269,7.4833984],"rotation":{"angle":45.0,"axis":"x","origin":[8.0,12.509413,5.1976843]},"faces":{"east":{"uv":[7.0625,8.25,7.5625,8.5],"rotation":0,"texture":"#0","tintindex":0},"south":{"uv":[9.0,8.125,9.1875,8.375],"rotation":0,"texture":"#0","tintindex":0},"north":{"uv":[6.875,9.0,7.0625,9.25],"rotation":0,"texture":"#0","tintindex":0},"west":{"uv":[2.9375,8.3125,3.4375,8.5625],"rotation":0,"texture":"#0","tintindex":0},"up":{"uv":[6.3125,9.0625,6.125,8.5625],"rotation":0,"texture":"#0","tintindex":0},"down":{"uv":[6.5625,8.5625,6.375,9.0625],"rotation":0,"texture":"#0","tintindex":0}}},{"from":[6.1817255,12.275709,4.4625683],"to":[6.1817255,15.132852,7.319711],"rotation":{"angle":-45.0,"axis":"y","origin":[6.1817255,13.70428,5.89114]},"faces":{"east":{"uv":[8.75,6.1875,8.4375,6.5],"rotation":0,"texture":"#0","tintindex":0},"south":{"uv":[9.0,9.5625,9.0,9.875],"rotation":0,"texture":"#0","tintindex":0},"north":{"uv":[8.9375,9.5625,8.9375,9.875],"rotation":0,"texture":"#0","tintindex":0},"west":{"uv":[8.4375,6.1875,8.75,6.5],"rotation":0,"texture":"#0","tintindex":0},"up":{"uv":[9.5625,9.3125,9.5625,9.0],"rotation":0,"texture":"#0","tintindex":0},"down":{"uv":[9.0625,9.5625,9.0625,9.875],"rotation":0,"texture":"#0","tintindex":0}}},{"from":[9.8182745,12.275709,4.4625683],"to":[9.8182745,15.132852,7.319711],"rotation":{"angle":45.0,"axis":"y","origin":[9.8182745,13.70428,5.89114]},"faces":{"east":{"uv":[8.75,6.1875,8.4375,6.5],"rotation":0,"texture":"#0","tintindex":0},"south":{"uv":[9.0,9.5625,9.0,9.875],"rotation":0,"texture":"#0","tintindex":0},"north":{"uv":[8.9375,9.5625,8.9375,9.875],"rotation":0,"texture":"#0","tintindex":0},"west":{"uv":[8.4375,6.1875,8.75,6.5],"rotation":0,"texture":"#0","tintindex":0},"up":{"uv":[9.5625,9.3125,9.5625,9.0],"rotation":0,"texture":"#0","tintindex":0},"down":{"uv":[9.0625,9.5625,9.0625,9.875],"rotation":0,"texture":"#0","tintindex":0}}},{"from":[11.32461,16.32218,7.7094145],"to":[12.467466,20.893608,8.280843],"rotation":{"angle":-22.5,"axis":"z","origin":[11.896038,18.607893,7.9951286]},"faces":{"east":{"uv":[6.5625,9.125,6.5,9.625],"rotation":0,"texture":"#0","tintindex":0},"south":{"uv":[1.5,8.875,1.375,9.375],"rotation":0,"texture":"#0","tintindex":0},"north":{"uv":[0.6875,8.6875,0.5625,9.1875],"rotation":0,"texture":"#0","tintindex":0},"west":{"uv":[4.5,5.9375,4.4375,6.4375],"rotation":0,"texture":"#0","tintindex":0},"up":{"uv":[7.9375,3.875,8.0625,3.8125],"rotation":0,"texture":"#0","tintindex":0},"down":{"uv":[8.1875,1.875,8.3125,1.9375],"rotation":0,"texture":"#0","tintindex":0}}},{"from":[11.193522,13.195101,7.4237003],"to":[12.907808,17.1951,8.566557],"rotation":{"angle":22.5,"axis":"z","origin":[12.050665,15.195101,7.9951286]},"faces":{"east":{"uv":[3.5625,8.9375,3.4375,9.375],"rotation":0,"texture":"#0","tintindex":0},"south":{"uv":[6.875,0.0,7.0625,0.4375],"rotation":0,"texture":"#0","tintindex":0},"north":{"uv":[7.0625,0.0,6.875,0.4375],"rotation":0,"texture":"#0","tintindex":0},"west":{"uv":[7.8125,8.875,7.6875,9.3125],"rotation":0,"texture":"#0","tintindex":0},"up":{"uv":[5.9375,3.75,6.125,3.625],"rotation":0,"texture":"#0","tintindex":0},"down":{"uv":[6.0625,0.5,6.25,0.625],"rotation":0,"texture":"#0","tintindex":0}}},{"from":[9.0251045,11.533923,7.1379857],"to":[13.596534,13.819637,8.852272],"rotation":{"angle":45.0,"axis":"z","origin":[11.31082,12.676781,7.9951286]},"faces":{"east":{"uv":[7.5625,1.5,7.375,1.75],"rotation":0,"texture":"#0","tintindex":0},"south":{"uv":[8.25,1.125,8.75,1.375],"rotation":0,"texture":"#0","tintindex":0},"north":{"uv":[8.75,1.125,8.25,1.375],"rotation":0,"texture":"#0","tintindex":0},"west":{"uv":[7.5,6.75,7.3125,7.0],"rotation":0,"texture":"#0","tintindex":0},"up":{"uv":[3.875,8.75,4.375,8.5625],"rotation":0,"texture":"#0","tintindex":0},"down":{"uv":[4.4375,8.5625,4.9375,8.75],"rotation":0,"texture":"#0","tintindex":0}}},{"from":[3.6102967,4.8471365,5.89114],"to":[8.753154,7.70428,5.89114],"rotation":{"angle":45.0,"axis":"y","origin":[6.1817255,6.275708,5.89114]},"faces":{"east":{"uv":[6.4375,9.5625,6.4375,9.875],"rotation":0,"texture":"#0","tintindex":0},"south":{"uv":[8.5,3.0625,7.9375,3.375],"rotation":0,"texture":"#0","tintindex":0},"north":{"uv":[7.9375,3.0625,8.5,3.375],"rotation":0,"texture":"#0","tintindex":0},"west":{"uv":[9.5625,8.625,9.5625,8.9375],"rotation":0,"texture":"#0","tintindex":0},"up":{"uv":[10.125,3.4375,9.5625,3.4375],"rotation":0,"texture":"#0","tintindex":0},"down":{"uv":[10.125,4.625,9.5625,4.625],"rotation":0,"texture":"#0","tintindex":0}}},{"from":[7.246846,4.8471365,5.89114],