{"textures":{"0":"modelengine:entity/spirit_guardian"},"elements":[{"from":[3.7282,5.210618,5.798999],"to":[7.7282,8.63919,10.370427],"rotation":{"angle":22.5,"axis":"z","origin":[5.7282,6.924904,8.084713]},"faces":{"east":{"uv":[3.0625,7.875,3.5625,8.25],"rotation":0,"texture":"#0","tintindex":0},"south":{"uv":[7.9375,5.4375,8.375,5.8125],"rotation":0,"texture":"#0","tintindex":0},"north":{"uv":[7.0625,7.8125,7.5,8.1875],"rotation":0,"texture":"#0","tintindex":0},"west":{"uv":[3.625,7.875,4.125,8.25],"rotation":0,"texture":"#0","tintindex":0},"up":{"uv":[2.9375,5.1875,2.5,4.6875],"rotation":0,"texture":"#0","tintindex":0},"down":{"uv":[7.875,5.625,7.4375,6.125],"rotation":0,"texture":"#0","tintindex":0}}},{"from":[4.5436373,5.1423826,4.084713],"to":[9.115067,10.856668,5.22757],"rotation":{"angle":22.5,"axis":"z","origin":[6.829352,7.9995255,4.6561413]},"faces":{"east":{"uv":[7.875,8.25,8.0,8.875],"rotation":0,"texture":"#0","tintindex":0},"south":{"uv":[1.5625,6.25,2.0625,6.875],"rotation":0,"texture":"#0","tintindex":0},"north":{"uv":[6.25,1.375,6.75,2.0],"rotation":0,"texture":"#0","tintindex":0},"west":{"uv":[8.0625,8.5625,8.1875,9.1875],"rotation":0,"texture":"#0","tintindex":0},"up":{"uv":[9.3125,3.4375,8.8125,3.3125],"rotation":0,"texture":"#0","tintindex":0},"down":{"uv":[9.3125,3.5,8.8125,3.625],"rotation":0,"texture":"#0","tintindex":0}}},{"from":[3.6689324,9.539822,5.22757],"to":[8.240361,10.682679,10.941856],"rotation":{"angle":22.5,"axis":"z","origin":[5.954647,10.11125,8.084713]},"faces":{"east":{"uv":[5.25,3.625,5.875,3.75],"rotation":0,"texture":"#0","tintindex":0},"south":{"uv":[8.8125,6.375,9.3125,6.5],"rotation":0,"texture":"#0","tintindex":0},"north":{"uv":[8.8125,6.1875,9.3125,6.3125],"rotation":0,"texture":"#0","tintindex":0},"west":{"uv":[5.5625,2.3125,6.1875,2.4375],"rotation":0,"texture":"#0","tintindex":0},"up":{"uv":[6.6875,7.0625,6.1875,6.4375],"rotation":0,"texture":"#0","tintindex":0},"down":{"uv":[7.0625,0.5,6.5625,1.125],"rotation":0,"texture":"#0","tintindex":0}}},{"from":[1.6901808,1.5663142,6.084713],"to":[5.690181,7.2806,10.084713],"rotation":{"angle":-45.0,"axis":"z","origin":[3.6901808,4.423457,8.084713]},"faces":{"east":{"uv":[7.0,3.4375,7.4375,4.0625],"rotation":0,"texture":"#0","tintindex":0},"south":{"uv":[2.125,7.0625,2.5625,7.6875],"rotation":0,"texture":"#0","tintindex":0},"north":{"uv":[5.0,6.9375,5.4375,7.5625],"rotation":0,"texture":"#0","tintindex":0},"west":{"uv":[2.625,7.0625,3.0625,7.6875],"rotation":0,"texture":"#0","tintindex":0},"up":{"uv":[8.1875,0.9375,7.75,0.5],"rotation":0,"texture":"#0","tintindex":0},"down":{"uv":[8.1875,1.0,7.75,1.4375],"rotation":0,"texture":"#0","tintindex":0}}},{"from":[-2.6857433,5.002444,8.084713],"to":[3.0285425,10.71673,8.084713],"rotation":{"angle":45.0,"axis":"z","origin":[0.1713996,7.8595867,8.084713]},"faces":{"east":{"uv":[2.25,9.5,2.25,10.125],"rotation":0,"texture":"#0","tintindex":0},"south":{"uv":[6.0,0.0,5.375,0.625],"rotation":0,"texture":"#0","tintindex":0},"north":{"uv":[5.375,0.0,6.0,0.625],"rotation":0,"texture":"#0","tintindex":0},"west":{"uv":[5.875,9.5,5.875,10.125],"rotation":0,"texture":"#0","tintindex":0},"up":{"uv":[10.125,4.9375,9.5,4.9375],"rotation":0,"texture":"#0","tintindex":0},"down":{"uv":[10.1875,1.5625,9.5625,1.5625],"rotation":0,"texture":"#0","tintindex":0}}},{"from":[5.164542,9.398158,3.4483395],"to":[6.8788276,12.82673,5.1626253],"rotation":{"angle":-22.5,"axis":"x","origin":[6.0216846,11.112444,4.3054824]},"faces":{"east":{"uv":[8.75,8.25,8.9375,8.625],"rotation":0,"texture":"#0","tintindex":0},"south":{"uv":[8.75,8.6875,8.9375,9.0625],"rotation":0,"texture":"#0","tintindex":0},"north":{"uv":[8.75,4.0625,8.9375,4.4375],"rotation":0,"texture":"#0","tintindex":0},"west":{"uv":[8.8125,2.4375,9.0,2.8125],"rotation":0,"texture":"#0","tintindex":0},"up":{"uv":[6.0625,1.5625,5.875,1.375],"rotation":0,"texture":"#0","tintindex":0},"down":{"uv":[9.4375,4.0625,9.25,4.25],"rotation":0,"texture":"#0","tintindex":0}}},{"from":[5.4502563,12.235722,4.098755],"to":[6.5931134,15.664293,5.241612],"rotation":{"angle":22.5,"axis":"x","origin":[6.0216846,13.9500065,4.670183]},"faces":{"east":{"uv":[6.3125,9.125,6.4375,9.5],"rotation":0,"texture":"#0","tintindex":0},"south":{"uv":[8.625,9.125,8.75,9.5],"rotation":0,"texture":"#0","tintindex":0},"north":{"uv":[6.125,9.125,6.25,9.5],"rotation":0,"texture":"#0","tintindex":0},"west":{"uv":[8.8125,9.125,8.9375,9.5],"rotation":0,"texture":"#0","tintindex":0},"up":{"uv":[6.375,9.6875,6.25,9.5625],"rotation":0,"texture":"#0","tintindex":0},"down":{"uv":[9.6875,6.25,9.5625,6.375],"rotation":0,"texture":"#0","tintindex":0}}},{"from":[4.5436373,5.1423826,10.941856],"to":[9.115067,10.856668,12.084713],"rotation":{"angle":22.5,"axis":"z","origin":[6.829352,7.9995255,11.513285]},"faces":{"east":{"uv":[8.0,8.25,7.875,8.875],"rotation":0,"texture":"#0","tintindex":0},"south":{"uv":[6.75,1.375,6.25,2.0],"rotation":0,"texture":"#0","tintindex":0},"north":{"uv":[2.0625,6.25,1.5625,6.875],"rotation":0,"texture":"#0","tintindex":0},"west":{"uv":[8.1875,8.5625,8.0625,9.1875],"rotation":0,"texture":"#0","tintindex":0},"up":{"uv":[9.3125,3.3125,8.8125,3.4375],"rotation":0,"texture":"#0","tintindex":0},"down":{"uv":[9.3125,3.625,8.8125,3.5],"rotation":0,"texture":"#0","tintindex":0}}},{"from":[5.164542,9.398158,11.006801],"to":[6.8788276,12.82673,12.7210865],"rotation":{"angle":22.5,"axis":"x","origin":[6.0216846,11.112444,11.863943]},"faces":{"east":{"uv":[8.9375,8.25,8.75,8.625],"rotation":0,"texture":"#0","tintindex":0},"south":{"uv":[8.9375,4.0625,8.75,4.4375],"rotation":0,"texture":"#0","tintindex":0},"north":{"uv":[8.9375,8.6875,8.75,9.0625],"rotation":0,"texture":"#0","tintindex":0},"west":{"uv":[9.0,2.4375,8.8125,2.8125],"rotation":0,"texture":"#0","tintindex":0},"up":{"uv":[6.0625,1.375,5.875,1.5625],"rotation":0,"texture":"#0","tintindex":0},"down":{"uv":[9.4375,4.25,9.25,4.0625],"rotation":0,"texture":"#0","tintindex":0}}},{"from":[5.4502563,12.235722,10.9278145],"to":[6.5931134,15.664293,12.070671],"rotation":{"angle":-22.5,"axis":"x","origin":[6.0216846,13.9500065,11.499243]},"faces":{"east":{"uv":[6.4375,9.125,6.3125,9.5],"rotation":0,"texture":"#0","tintindex":0},"south":{"uv":[6.25,9.125,6.125,9.5],"rotation":0,"texture":"#0","tintindex":0},"north":{"uv":[8.75,9.125,8.625,9.5],"rotation":0,"texture":"#0","tintindex":0},"west":{"uv":[8.9375,9.125,8.8125,9.5],"rotation":0,"texture":"#0","tintindex":0},"up":{"uv":[6.375,9.5625,6.25,9.6875],"rotation":0,"texture":"#0","tintindex":0},"down":{"uv":[9.6875,6.375,9.5625,6.25],"rotation":0,"texture":"#0","tintindex":0}}}],"display":{"head":{"translation":[0.0,-6.4,0.0],"scale":[4.0,4.0,4.0]}}}