{"textures":{"0":"modelengine:entity/spirit_guardian"},"elements":[{"from":[5.9495797,-0.16739464,6.168067],"to":[9.94958,2.6897483,10.168068],"rotation":{"angle":0.0,"axis":"y","origin":[7.9495797,1.2611766,8.168067]},"faces":{"east":{"uv":[8.5625,7.375,8.125,7.6875],"rotation":0,"texture":"#0","tintindex":0},"south":{"uv":[8.5625,4.75,8.125,5.0625],"rotation":0,"texture":"#0","tintindex":0},"north":{"uv":[8.125,4.75,8.5625,5.0625],"rotation":0,"texture":"#0","tintindex":0},"west":{"uv":[8.125,7.375,8.5625,7.6875],"rotation":0,"texture":"#0","tintindex":0},"up":{"uv":[2.5,8.1875,2.0625,7.75],"rotation":0,"texture":"#0","tintindex":0},"down":{"uv":[3.0,7.75,2.5625,8.1875],"rotation":0,"texture":"#0","tintindex":0}}},{"from":[8.380244,-1.1685886,6.210924],"to":[9.523102,-0.025731087,7.3537817],"rotation":{"angle":-22.5,"axis":"z","origin":[9.380244,-1.1685886,6.7394958]},"faces":{"east":{"uv":[9.375,4.5625,9.5,4.6875],"rotation":0,"texture":"#0","tintindex":0},"south":{"uv":[9.375,6.375,9.5,6.5],"rotation":0,"texture":"#0","tintindex":0},"north":{"uv":[9.0,0.9375,9.125,1.0625],"rotation":0,"texture":"#0","tintindex":0},"west":{"uv":[9.4375,1.1875,9.5625,1.3125],"rotation":0,"texture":"#0","tintindex":0},"up":{"uv":[9.5625,3.1875,9.4375,3.0625],"rotation":0,"texture":"#0","tintindex":0},"down":{"uv":[9.625,2.125,9.5,2.25],"rotation":0,"texture":"#0","tintindex":0}}},{"from":[7.808816,-2.3114452,6.210924],"to":[9.523102,-1.1685886,7.3537817],"rotation":{"angle":-22.5,"axis":"z","origin":[9.380244,-1.1685886,6.7394958]},"faces":{"east":{"uv":[5.625,9.5,5.5,9.625],"rotation":270,"texture":"#0","tintindex":0},"south":{"uv":[9.375,8.4375,9.5,8.625],"rotation":270,"texture":"#0","tintindex":0},"north":{"uv":[9.375,6.125,9.5,6.3125],"rotation":90,"texture":"#0","tintindex":0},"west":{"uv":[5.4375,9.625,5.3125,9.5],"rotation":270,"texture":"#0","tintindex":0},"up":{"uv":[7.6875,9.375,7.8125,9.5625],"rotation":270,"texture":"#0","tintindex":0},"down":{"uv":[9.375,8.6875,9.5,8.875],"rotation":270,"texture":"#0","tintindex":0}}},{"from":[5.663865,3.261177,5.882353],"to":[10.235294,7.261177,10.453781],"rotation":{"angle":0.0,"axis":"y","origin":[7.9495797,5.261177,8.168067]},"faces":{"east":{"uv":[7.5625,3.9375,8.0625,4.375],"rotation":0,"texture":"#0","tintindex":0},"south":{"uv":[7.5625,4.4375,8.0625,4.875],"rotation":0,"texture":"#0","tintindex":0},"north":{"uv":[7.0,4.125,7.5,4.5625],"rotation":0,"texture":"#0","tintindex":0},"west":{"uv":[7.5625,4.9375,8.0625,5.375],"rotation":0,"texture":"#0","tintindex":0},"up":{"uv":[3.625,7.8125,3.125,7.3125],"rotation":0,"texture":"#0","tintindex":0},"down":{"uv":[4.1875,7.3125,3.6875,7.8125],"rotation":0,"texture":"#0","tintindex":0}}},{"from":[5.092437,2.1183195,5.310924],"to":[10.806723,3.261177,11.02521],"rotation":{"angle":0.0,"axis":"y","origin":[7.9495797,2.6897483,8.168067]},"faces":{"east":{"uv":[8.625,2.0625,9.25,2.1875],"rotation":0,"texture":"#0","tintindex":0},"south":{"uv":[8.625,2.25,9.25,2.375],"rotation":0,"texture":"#0","tintindex":0},"north":{"uv":[8.625,1.875,9.25,2.0],"rotation":0,"texture":"#0","tintindex":0},"west":{"uv":[8.625,4.75,9.25,4.875],"rotation":0,"texture":"#0","tintindex":0},"up":{"uv":[6.125,5.875,5.5,5.25],"rotation":0,"texture":"#0","tintindex":0},"down":{"uv":[1.625,5.5625,1.0,6.1875],"rotation":0,"texture":"#0","tintindex":0}}},{"from":[5.092437,7.261177,5.310924],"to":[10.806723,8.404035,11.02521],"rotation":{"angle":0.0,"axis":"y","origin":[7.9495797,7.8326054,8.168067]},"faces":{"east":{"uv":[8.625,6.5625,9.25,6.6875],"rotation":0,"texture":"#0","tintindex":0},"south":{"uv":[8.625,6.75,9.25,6.875],"rotation":0,"texture":"#0","tintindex":0},"north":{"uv":[8.625,4.9375,9.25,5.0625],"rotation":0,"texture":"#0","tintindex":0},"west":{"uv":[8.625,6.9375,9.25,7.0625],"rotation":0,"texture":"#0","tintindex":0},"up":{"uv":[6.1875,2.25,5.5625,1.625],"rotation":0,"texture":"#0","tintindex":0},"down":{"uv":[2.3125,5.5625,1.6875,6.1875],"rotation":0,"texture":"#0","tintindex":0}}},{"from":[4.5210085,3.261177,4.7394953],"to":[7.3781514,7.261177,11.596639],"rotation":{"angle":0.0,"axis":"y","origin":[5.9495797,5.261177,8.168067]},"faces":{"east":{"uv":[6.0,4.6875,6.75,5.125],"rotation":0,"texture":"#0","tintindex":0},"south":{"uv":[0.375,8.1875,0.6875,8.625],"rotation":0,"texture":"#0","tintindex":0},"north":{"uv":[8.1875,0.0,8.5,0.4375],"rotation":0,"texture":"#0","tintindex":0},"west":{"uv":[6.0625,0.0,6.8125,0.4375],"rotation":0,"texture":"#0","tintindex":0},"up":{"uv":[0.6875,8.125,0.375,7.375],"rotation":0,"texture":"#0","tintindex":0},"down":{"uv":[7.6875,0.6875,7.375,1.4375],"rotation":0,"texture":"#0","tintindex":0}}},{"from":[7.3781514,4.404034,5.310924],"to":[10.806723,6.11832,11.02521],"rotation":{"angle":0.0,"axis":"y","origin":[9.092437,5.261177,8.168067]},"faces":{"east":{"uv":[3.5,8.3125,4.125,8.5],"rotation":0,"texture":"#0","tintindex":0},"south":{"uv":[6.8125,6.1875,7.1875,6.375],"rotation":0,"texture":"#0","tintindex":0},"north":{"uv":[3.25,6.375,3.625,6.5625],"rotation":0,"texture":"#0","tintindex":0},"west":{"uv":[4.1875,8.3125,4.8125,8.5],"rotation":0,"texture":"#0","tintindex":0},"up":{"uv":[1.125,8.0625,0.75,7.4375],"rotation":0,"texture":"#0","tintindex":0},"down":{"uv":[1.5625,7.5,1.1875,8.125],"rotation":0,"texture":"#0","tintindex":0}}},{"from":[2.8067226,6.975463,0.73949575],"to":[5.092437,10.404035,15.59664],"rotation":{"angle":0.0,"axis":"y","origin":[3.9495797,8.689749,8.168067]},"faces":{"east":{"uv":[3.875,1.625,5.5,2.0],"rotation":0,"texture":"#0","tintindex":0},"south":{"uv":[6.5,2.0625,6.25,2.4375],"rotation":0,"texture":"#0","tintindex":0},"north":{"uv":[6.25,2.0625,6.5,2.4375],"rotation":0,"texture":"#0","tintindex":0},"west":{"uv":[3.875,2.0625,5.5,2.4375],"rotation":0,"texture":"#0","tintindex":0},"up":{"uv":[4.8125,6.875,4.5625,5.25],"rotation":0,"texture":"#0","tintindex":0},"down":{"uv":[4.5625,6.875,4.8125,5.25],"rotation":0,"texture":"#0","tintindex":0}}},{"from":[3.3781514,3.5468912,2.4537816],"to":[4.5210085,6.975463,13.882353],"rotation":{"angle":0.0,"axis":"y","origin":[3.9495797,5.261177,8.168067]},"faces":{"east":{"uv":[5.25,2.5,6.5,2.875],"rotation":0,"texture":"#0","tintindex":0},"south":{"uv":[0.0,9.0625,0.125,9.4375],"rotation":0,"texture":"#0","tintindex":0},"north":{"uv":[0.0,9.0625,0.125,9.4375],"rotation":0,"texture":"#0","tintindex":0},"west":{"uv":[5.25,2.5,6.5,2.875],"rotation":0,"texture":"#0","tintindex":0},"up":{"uv":[0.875,9.375,0.75,8.125],"rotation":0,"texture":"#0","tintindex":0},"down":{"uv":[1.0625,8.125,0.9375,9.375],"rotation":0,"texture":"#0","tintindex":0}}},{"from":[7.0189056,-1.320404,7.5966387],"to":[8.161763,0.39388132,8.739496],"rotation":{"angle":45.0,"axis":"z","origin":[7.1617627,-1.1775475,8.168067]},"faces":{"east":{"uv":[6.875,8.3125,7.0,8.5],"rotation":0,"texture":"#0","tintindex":0},"south":{"uv":[9.25,8.1875,9.375,8.375],"rotation":0,"texture":"#0","tintindex":0},"north":{"uv":[4.375,6.625,4.5,6.8125],"rotation":0,"texture":"#0","tintindex":0},"west":{"uv":[1.125,9.3125,1.25,9.5],"rotation":0,"texture":"#0","tintindex":0},"up":{"uv":[6.8125,3.5625,6.6875,3.4375],"rotation":0,"texture":"#0","tintindex":0},"down":{"uv":[6.9375,1.875,6.8125,2.0],"rotation":0,"texture":"#0","tintindex":0}}},{"from":[7.0189056,-2.4632616,6.168067],"to":[8.7331915,-1.320404,7.3109245],"rotation":{"angle":45.0,"axis":"z","origin":[7.1617627,-1.1775475,8.168067]},"faces":{"east":{"uv":[4.9375,9.625,5.0625,9.5],"rotation":90,"texture":"#0","tintindex":0},"south":{"uv":[9.5,4.3125,9.375,4.5],"rotation":90,"texture":"#0","tintindex":0},"north":{"uv":[9.5,1.375,9.375,1.5625],"rotation":270,"texture":"#0","tintindex":0},"west":{"uv":[5.125,9.5,5.25,9.625],"rotation":90,"texture":"#0","tintindex":0},"up":{"uv":[9.5,3.25,9.375,3.4375],"rotation":90,"texture":"#0","tintindex":0},"down":{"uv":[9.5,5.3125,9.375,5.5],"rotation":90,"texture":"#0","tintindex":0}}},{"from":[7.0189056,-2.4632616,9.02521],"to":[8.7331915,-1.320404,10.168068],