{"textures":{"0":"modelengine:entity/spirit_guardian"},"elements":[{"from":[6.8744993,3.7820492,9.142859],"to":[8.588785,5.496335,15.428574],"rotation":{"angle":0.0,"axis":"y","origin":[7.731642,4.6391916,12.285717]},"faces":{"east":{"uv":[8.125,5.125,8.8125,5.3125],"rotation":0,"texture":"#0","tintindex":0},"south":{"uv":[9.25,7.6875,9.4375,7.875],"rotation":0,"texture":"#0","tintindex":0},"north":{"uv":[5.6875,9.25,5.875,9.4375],"rotation":0,"texture":"#0","tintindex":0},"west":{"uv":[8.125,5.3125,8.8125,5.125],"rotation":0,"texture":"#0","tintindex":0},"up":{"uv":[2.0625,8.9375,1.875,8.25],"rotation":0,"texture":"#0","tintindex":0},"down":{"uv":[1.875,8.9375,2.0625,8.25],"rotation":0,"texture":"#0","tintindex":0}}},{"from":[7.1602135,5.496335,16.000004],"to":[8.30307,6.0677633,17.714289],"rotation":{"angle":0.0,"axis":"y","origin":[7.731642,5.782049,16.857145]},"faces":{"east":{"uv":[4.0,4.5625,4.1875,4.625],"rotation":0,"texture":"#0","tintindex":0},"south":{"uv":[8.75,0.75,8.875,0.8125],"rotation":0,"texture":"#0","tintindex":0},"north":{"uv":[8.5625,3.6875,8.6875,3.75],"rotation":0,"texture":"#0","tintindex":0},"west":{"uv":[4.25,4.5625,4.4375,4.625],"rotation":0,"texture":"#0","tintindex":0},"up":{"uv":[9.625,2.0625,9.5,1.875],"rotation":0,"texture":"#0","tintindex":0},"down":{"uv":[2.1875,9.5,2.0625,9.6875],"rotation":0,"texture":"#0","tintindex":0}}},{"from":[7.1602135,3.2106209,15.428574],"to":[8.30307,6.0677633,16.000004],"rotation":{"angle":0.0,"axis":"y","origin":[7.731642,4.6391916,15.714289]},"faces":{"east":{"uv":[5.125,2.5,5.1875,2.8125],"rotation":0,"texture":"#0","tintindex":0},"south":{"uv":[9.25,2.875,9.375,3.1875],"rotation":0,"texture":"#0","tintindex":0},"north":{"uv":[9.1875,4.375,9.3125,4.6875],"rotation":0,"texture":"#0","tintindex":0},"west":{"uv":[6.0625,6.625,6.125,6.9375],"rotation":0,"texture":"#0","tintindex":0},"up":{"uv":[8.9375,8.1875,8.8125,8.125],"rotation":0,"texture":"#0","tintindex":0},"down":{"uv":[9.125,4.375,9.0,4.4375],"rotation":0,"texture":"#0","tintindex":0}}},{"from":[7.1602135,3.2106209,17.714289],"to":[8.30307,6.0677633,18.285717],"rotation":{"angle":0.0,"axis":"y","origin":[7.731642,4.6391916,18.000002]},"faces":{"east":{"uv":[8.4375,8.5625,8.5,8.875],"rotation":0,"texture":"#0","tintindex":0},"south":{"uv":[4.0,9.25,4.125,9.5625],"rotation":0,"texture":"#0","tintindex":0},"north":{"uv":[3.8125,9.25,3.9375,9.5625],"rotation":0,"texture":"#0","tintindex":0},"west":{"uv":[7.0,9.3125,7.0625,9.625],"rotation":0,"texture":"#0","tintindex":0},"up":{"uv":[9.4375,7.625,9.3125,7.5625],"rotation":0,"texture":"#0","tintindex":0},"down":{"uv":[9.625,0.25,9.5,0.3125],"rotation":0,"texture":"#0","tintindex":0}}},{"from":[7.1602135,3.2106209,16.000004],"to":[8.30307,3.7820492,17.714289],"rotation":{"angle":0.0,"axis":"y","origin":[7.731642,3.4963346,16.857145]},"faces":{"east":{"uv":[2.125,6.25,2.3125,6.3125],"rotation":0,"texture":"#0","tintindex":0},"south":{"uv":[9.5625,0.8125,9.6875,0.875],"rotation":0,"texture":"#0","tintindex":0},"north":{"uv":[9.5,8.0625,9.625,8.125],"rotation":0,"texture":"#0","tintindex":0},"west":{"uv":[7.875,6.625,8.0625,6.6875],"rotation":0,"texture":"#0","tintindex":0},"up":{"uv":[9.625,4.1875,9.5,4.0],"rotation":0,"texture":"#0","tintindex":0},"down":{"uv":[4.3125,9.5,4.1875,9.6875],"rotation":0,"texture":"#0","tintindex":0}}},{"from":[7.4459276,2.9249063,-10.285713],"to":[8.017356,6.3534775,7.4285736],"rotation":{"angle":0.0,"axis":"y","origin":[7.731642,4.6391916,-1.4285698]},"faces":{"east":{"uv":[3.875,0.75,5.8125,1.125],"rotation":0,"texture":"#0","tintindex":0},"south":{"uv":[9.0,8.875,9.125,9.25],"rotation":0,"texture":"#0","tintindex":0},"north":{"uv":[9.0,8.4375,9.125,8.8125],"rotation":0,"texture":"#0","tintindex":0},"west":{"uv":[5.8125,0.75,3.875,1.125],"rotation":0,"texture":"#0","tintindex":0},"up":{"uv":[0.125,9.0,0.0,7.0625],"rotation":0,"texture":"#0","tintindex":0},"down":{"uv":[0.3125,7.375,0.1875,9.3125],"rotation":0,"texture":"#0","tintindex":0}}},{"from":[6.8744993,2.0677633,7.4285736],"to":[8.588785,7.2106204,9.142859],"rotation":{"angle":0.0,"axis":"y","origin":[7.731642,4.6391916,8.285717]},"faces":{"east":{"uv":[2.375,8.5625,2.5625,9.125],"rotation":0,"texture":"#0","tintindex":0},"south":{"uv":[2.625,8.5625,2.8125,9.125],"rotation":0,"texture":"#0","tintindex":0},"north":{"uv":[7.625,8.25,7.8125,8.8125],"rotation":0,"texture":"#0","tintindex":0},"west":{"uv":[8.5625,3.0625,8.75,3.625],"rotation":0,"texture":"#0","tintindex":0},"up":{"uv":[9.4375,8.125,9.25,7.9375],"rotation":0,"texture":"#0","tintindex":0},"down":{"uv":[8.25,9.25,8.0625,9.4375],"rotation":0,"texture":"#0","tintindex":0}}},{"from":[7.731642,0.6391921,-16.0],"to":[7.731642,8.639192,7.4285736],"rotation":{"angle":0.0,"axis":"y","origin":[7.731642,4.6391916,-4.285713]},"faces":{"east":{"uv":[0.0,2.875,2.5625,3.75],"rotation":0,"texture":"#0","tintindex":0},"south":{"uv":[0.1875,9.625,0.1875,10.5],"rotation":0,"texture":"#0","tintindex":0},"north":{"uv":[9.5625,9.375,9.5625,10.25],"rotation":0,"texture":"#0","tintindex":0},"west":{"uv":[2.5625,2.875,0.0,3.75],"rotation":0,"texture":"#0","tintindex":0},"up":{"uv":[0.25,12.1875,0.25,9.625],"rotation":0,"texture":"#0","tintindex":0},"down":{"uv":[0.3125,9.625,0.3125,12.1875],"rotation":0,"texture":"#0","tintindex":0}}},{"from":[8.588785,3.7820492,11.714289],"to":[9.731642,5.496335,12.857145],"rotation":{"angle":0.0,"axis":"y","origin":[9.160213,4.6391916,12.285717]},"faces":{"east":{"uv":[1.25,9.3125,1.125,9.5],"rotation":0,"texture":"#0","tintindex":0},"south":{"uv":[9.375,8.1875,9.25,8.375],"rotation":0,"texture":"#0","tintindex":0},"north":{"uv":[4.5,6.625,4.375,6.8125],"rotation":0,"texture":"#0","tintindex":0},"west":{"uv":[7.0,8.3125,6.875,8.5],"rotation":0,"texture":"#0","tintindex":0},"up":{"uv":[6.6875,3.5625,6.8125,3.4375],"rotation":0,"texture":"#0","tintindex":0},"down":{"uv":[6.8125,1.875,6.9375,2.0],"rotation":0,"texture":"#0","tintindex":0}}},{"from":[8.017356,2.639192,11.714289],"to":[9.731642,3.7820492,12.857145],"rotation":{"angle":0.0,"axis":"y","origin":[-10.982645,8.782049,12.285717]},"faces":{"east":{"uv":[5.125,9.5,5.25,9.625],"rotation":270,"texture":"#0","tintindex":0},"south":{"uv":[9.5,4.3125,9.375,4.5],"rotation":270,"texture":"#0","tintindex":0},"north":{"uv":[9.5,1.375,9.375,1.5625],"rotation":90,"texture":"#0","tintindex":0},"west":{"uv":[4.9375,9.625,5.0625,9.5],"rotation":270,"texture":"#0","tintindex":0},"up":{"uv":[9.5,5.3125,9.375,5.5],"rotation":270,"texture":"#0","tintindex":0},"down":{"uv":[9.5,3.25,9.375,3.4375],"rotation":270,"texture":"#0","tintindex":0}}},{"from":[8.588785,3.7820492,13.142859],"to":[9.731642,5.496335,14.285717],"rotation":{"angle":0.0,"axis":"y","origin":[9.160213,4.6391916,13.714289]},"faces":{"east":{"uv":[1.25,9.3125,1.125,9.5],"rotation":0,"texture":"#0","tintindex":0},"south":{"uv":[9.375,8.1875,9.25,8.375],"rotation":0,"texture":"#0","tintindex":0},"north":{"uv":[4.5,6.625,4.375,6.8125],"rotation":0,"texture":"#0","tintindex":0},"west":{"uv":[7.0,8.3125,6.875,8.5],"rotation":0,"texture":"#0","tintindex":0},"up":{"uv":[6.6875,3.5625,6.8125,3.4375],"rotation":0,"texture":"#0","tintindex":0},"down":{"uv":[6.8125,1.875,6.9375,2.0],"rotation":0,"texture":"#0","tintindex":0}}},{"from":[8.017356,2.639192,13.142859],"to":[9.731642,3.7820492,14.285717],"rotation":{"angle":0.0,"axis":"y","origin":[-10.982645,8.782049,12.285717]},"faces":{"east":{"uv":[5.125,9.5,5.25,9.625],"rotation":270,"texture":"#0","tintindex":0},"south":{"uv":[9.5,4.3125,9.375,4.5],"rotation":270,"texture":"#0","tintindex":0},"north":{"uv":[9.5,1.375,9.375,1.5625],"rotation":90,"texture":"#0","tintindex":0},"west":{"uv":[4.9375,9.625,5.0625,9.5],"rotation":270,"texture":"#0","tintindex":0},"up":{"uv":[9.5,5.3125,9.375,5.5],"rotation":270,"texture":"#0","tintindex":0},"down":{"uv":[9.5,3.25,9.375,3.4375],"rotation":270,"texture":"#0","tintindex":0}}},{"from":[6.1143255,2.715312,10.285717],