{"textures":{"0":"modelengine:entity/spirit_guardian"},"elements":[{"from":[9.132057,12.117334,5.704664],"to":[10.274914,15.545906,6.8475213],"rotation":{"angle":22.5,"axis":"x","origin":[9.7034855,13.83162,6.276093]},"faces":{"east":{"uv":[8.9375,9.125,8.8125,9.5],"rotation":0,"texture":"#0","tintindex":0},"south":{"uv":[8.75,9.125,8.625,9.5],"rotation":0,"texture":"#0","tintindex":0},"north":{"uv":[6.25,9.125,6.125,9.5],"rotation":0,"texture":"#0","tintindex":0},"west":{"uv":[6.4375,9.125,6.3125,9.5],"rotation":0,"texture":"#0","tintindex":0},"up":{"uv":[6.25,9.6875,6.375,9.5625],"rotation":0,"texture":"#0","tintindex":0},"down":{"uv":[9.5625,6.25,9.6875,6.375],"rotation":0,"texture":"#0","tintindex":0}}},{"from":[8.846342,9.279771,5.054249],"to":[10.560628,12.708343,6.7685347],"rotation":{"angle":-22.5,"axis":"x","origin":[9.7034855,10.994057,5.9113917]},"faces":{"east":{"uv":[9.0,2.4375,8.8125,2.8125],"rotation":0,"texture":"#0","tintindex":0},"south":{"uv":[8.9375,8.6875,8.75,9.0625],"rotation":0,"texture":"#0","tintindex":0},"north":{"uv":[8.9375,4.0625,8.75,4.4375],"rotation":0,"texture":"#0","tintindex":0},"west":{"uv":[8.9375,8.25,8.75,8.625],"rotation":0,"texture":"#0","tintindex":0},"up":{"uv":[5.875,1.5625,6.0625,1.375],"rotation":0,"texture":"#0","tintindex":0},"down":{"uv":[9.25,4.0625,9.4375,4.25],"rotation":0,"texture":"#0","tintindex":0}}},{"from":[10.034989,1.447927,7.6906223],"to":[14.03499,7.1622133,11.690622],"rotation":{"angle":45.0,"axis":"z","origin":[12.034989,4.30507,9.690622]},"faces":{"east":{"uv":[3.0625,7.0625,2.625,7.6875],"rotation":0,"texture":"#0","tintindex":0},"south":{"uv":[2.5625,7.0625,2.125,7.6875],"rotation":0,"texture":"#0","tintindex":0},"north":{"uv":[5.4375,6.9375,5.0,7.5625],"rotation":0,"texture":"#0","tintindex":0},"west":{"uv":[7.4375,3.4375,7.0,4.0625],"rotation":0,"texture":"#0","tintindex":0},"up":{"uv":[7.75,0.9375,8.1875,0.5],"rotation":0,"texture":"#0","tintindex":0},"down":{"uv":[7.75,1.0,8.1875,1.4375],"rotation":0,"texture":"#0","tintindex":0}}},{"from":[7.484809,9.421434,6.8334794],"to":[12.056238,10.564292,12.547766],"rotation":{"angle":-22.5,"axis":"z","origin":[9.770523,9.992864,9.690622]},"faces":{"east":{"uv":[6.1875,2.3125,5.5625,2.4375],"rotation":0,"texture":"#0","tintindex":0},"south":{"uv":[9.3125,6.375,8.8125,6.5],"rotation":0,"texture":"#0","tintindex":0},"north":{"uv":[9.3125,6.1875,8.8125,6.3125],"rotation":0,"texture":"#0","tintindex":0},"west":{"uv":[5.875,3.625,5.25,3.75],"rotation":0,"texture":"#0","tintindex":0},"up":{"uv":[6.1875,7.0625,6.6875,6.4375],"rotation":0,"texture":"#0","tintindex":0},"down":{"uv":[6.5625,0.5,7.0625,1.125],"rotation":0,"texture":"#0","tintindex":0}}},{"from":[6.610104,5.0239954,5.6906223],"to":[11.181533,10.738281,6.8334794],"rotation":{"angle":-22.5,"axis":"z","origin":[8.895819,7.881139,6.2620506]},"faces":{"east":{"uv":[8.1875,8.5625,8.0625,9.1875],"rotation":0,"texture":"#0","tintindex":0},"south":{"uv":[2.0625,6.25,1.5625,6.875],"rotation":0,"texture":"#0","tintindex":0},"north":{"uv":[6.75,1.375,6.25,2.0],"rotation":0,"texture":"#0","tintindex":0},"west":{"uv":[8.0,8.25,7.875,8.875],"rotation":0,"texture":"#0","tintindex":0},"up":{"uv":[8.8125,3.4375,9.3125,3.3125],"rotation":0,"texture":"#0","tintindex":0},"down":{"uv":[8.8125,3.5,9.3125,3.625],"rotation":0,"texture":"#0","tintindex":0}}},{"from":[7.99697,5.092231,7.404908],"to":[11.99697,8.5208025,11.9763365],"rotation":{"angle":-22.5,"axis":"z","origin":[9.99697,6.8065166,9.690622]},"faces":{"east":{"uv":[4.125,7.875,3.625,8.25],"rotation":0,"texture":"#0","tintindex":0},"south":{"uv":[8.375,5.4375,7.9375,5.8125],"rotation":0,"texture":"#0","tintindex":0},"north":{"uv":[7.5,7.8125,7.0625,8.1875],"rotation":0,"texture":"#0","tintindex":0},"west":{"uv":[3.5625,7.875,3.0625,8.25],"rotation":0,"texture":"#0","tintindex":0},"up":{"uv":[2.5,5.1875,2.9375,4.6875],"rotation":0,"texture":"#0","tintindex":0},"down":{"uv":[7.4375,5.625,7.875,6.125],"rotation":0,"texture":"#0","tintindex":0}}},{"from":[12.696628,4.8840566,9.690622],"to":[18.410915,10.598343,9.690622],"rotation":{"angle":-45.0,"axis":"z","origin":[15.55377,7.7411995,9.690622]},"faces":{"east":{"uv":[5.875,9.5,5.875,10.125],"rotation":0,"texture":"#0","tintindex":0},"south":{"uv":[5.375,0.0,6.0,0.625],"rotation":0,"texture":"#0","tintindex":0},"north":{"uv":[6.0,0.0,5.375,0.625],"rotation":0,"texture":"#0","tintindex":0},"west":{"uv":[2.25,9.5,2.25,10.125],"rotation":0,"texture":"#0","tintindex":0},"up":{"uv":[9.5,4.9375,10.125,4.9375],"rotation":0,"texture":"#0","tintindex":0},"down":{"uv":[9.5625,1.5625,10.1875,1.5625],"rotation":0,"texture":"#0","tintindex":0}}},{"from":[6.610104,5.0239954,12.547766],"to":[11.181533,10.738281,13.690622],"rotation":{"angle":-22.5,"axis":"z","origin":[8.895819,7.881139,13.119194]},"faces":{"east":{"uv":[8.0625,8.5625,8.1875,9.1875],"rotation":0,"texture":"#0","tintindex":0},"south":{"uv":[6.25,1.375,6.75,2.0],"rotation":0,"texture":"#0","tintindex":0},"north":{"uv":[1.5625,6.25,2.0625,6.875],"rotation":0,"texture":"#0","tintindex":0},"west":{"uv":[7.875,8.25,8.0,8.875],"rotation":0,"texture":"#0","tintindex":0},"up":{"uv":[8.8125,3.3125,9.3125,3.4375],"rotation":0,"texture":"#0","tintindex":0},"down":{"uv":[8.8125,3.625,9.3125,3.5],"rotation":0,"texture":"#0","tintindex":0}}},{"from":[8.846342,9.279771,12.612711],"to":[10.560628,12.708343,14.326996],"rotation":{"angle":22.5,"axis":"x","origin":[9.7034855,10.994057,13.469853]},"faces":{"east":{"uv":[8.8125,2.4375,9.0,2.8125],"rotation":0,"texture":"#0","tintindex":0},"south":{"uv":[8.75,4.0625,8.9375,4.4375],"rotation":0,"texture":"#0","tintindex":0},"north":{"uv":[8.75,8.6875,8.9375,9.0625],"rotation":0,"texture":"#0","tintindex":0},"west":{"uv":[8.75,8.25,8.9375,8.625],"rotation":0,"texture":"#0","tintindex":0},"up":{"uv":[5.875,1.375,6.0625,1.5625],"rotation":0,"texture":"#0","tintindex":0},"down":{"uv":[9.25,4.25,9.4375,4.0625],"rotation":0,"texture":"#0","tintindex":0}}},{"from":[9.132057,12.117334,12.533724],"to":[10.274914,15.545906,13.67658],"rotation":{"angle":-22.5,"axis":"x","origin":[9.7034855,13.83162,13.105152]},"faces":{"east":{"uv":[8.8125,9.125,8.9375,9.5],"rotation":0,"texture":"#0","tintindex":0},"south":{"uv":[6.125,9.125,6.25,9.5],"rotation":0,"texture":"#0","tintindex":0},"north":{"uv":[8.625,9.125,8.75,9.5],"rotation":0,"texture":"#0","tintindex":0},"west":{"uv":[6.3125,9.125,6.4375,9.5],"rotation":0,"texture":"#0","tintindex":0},"up":{"uv":[6.25,9.5625,6.375,9.6875],"rotation":0,"texture":"#0","tintindex":0},"down":{"uv":[9.5625,6.375,9.6875,6.25],"rotation":0,"texture":"#0","tintindex":0}}}],"display":{"head":{"translation":[0.0,-6.4,0.0],"scale":[4.0,4.0,4.0]}}}