{"textures":{"0":"modelengine:entity/spirit_guardian"},"elements":[{"from":[4.8946924,4.46436,7.5714283],"to":[8.323264,6.178646,13.285715],"rotation":{"angle":0.0,"axis":"y","origin":[6.6089783,5.321503,10.428572]},"faces":{"east":{"uv":[4.8125,8.3125,4.1875,8.5],"rotation":0,"texture":"#0","tintindex":0},"south":{"uv":[3.25,6.375,3.625,6.5625],"rotation":0,"texture":"#0","tintindex":0},"north":{"uv":[3.625,6.375,3.25,6.5625],"rotation":0,"texture":"#0","tintindex":0},"west":{"uv":[4.125,8.3125,3.5,8.5],"rotation":0,"texture":"#0","tintindex":0},"up":{"uv":[0.75,8.0625,1.125,7.4375],"rotation":0,"texture":"#0","tintindex":0},"down":{"uv":[1.1875,7.5,1.5625,8.125],"rotation":0,"texture":"#0","tintindex":0}}},{"from":[8.323264,3.3215032,7.0],"to":[11.180408,7.321503,13.857143],"rotation":{"angle":0.0,"axis":"y","origin":[9.751836,5.321503,10.428572]},"faces":{"east":{"uv":[6.8125,0.0,6.0625,0.4375],"rotation":0,"texture":"#0","tintindex":0},"south":{"uv":[0.6875,8.1875,0.375,8.625],"rotation":0,"texture":"#0","tintindex":0},"north":{"uv":[8.5,0.0,8.1875,0.4375],"rotation":0,"texture":"#0","tintindex":0},"west":{"uv":[6.75,4.6875,6.0,5.125],"rotation":0,"texture":"#0","tintindex":0},"up":{"uv":[0.375,8.125,0.6875,7.375],"rotation":0,"texture":"#0","tintindex":0},"down":{"uv":[7.375,0.6875,7.6875,1.4375],"rotation":0,"texture":"#0","tintindex":0}}},{"from":[4.8946924,7.321503,7.5714283],"to":[10.608978,8.46436,13.285715],"rotation":{"angle":0.0,"axis":"y","origin":[7.751836,7.892932,10.428572]},"faces":{"east":{"uv":[9.25,6.9375,8.625,7.0625],"rotation":0,"texture":"#0","tintindex":0},"south":{"uv":[8.625,4.9375,9.25,5.0625],"rotation":0,"texture":"#0","tintindex":0},"north":{"uv":[9.25,4.9375,8.625,5.0625],"rotation":0,"texture":"#0","tintindex":0},"west":{"uv":[9.25,6.9375,8.625,7.0625],"rotation":0,"texture":"#0","tintindex":0},"up":{"uv":[5.5625,2.25,6.1875,1.625],"rotation":0,"texture":"#0","tintindex":0},"down":{"uv":[1.6875,5.5625,2.3125,6.1875],"rotation":0,"texture":"#0","tintindex":0}}},{"from":[4.8946924,2.1786456,7.5714283],"to":[10.608978,3.3215032,13.285715],"rotation":{"angle":0.0,"axis":"y","origin":[7.751836,2.7500744,10.428572]},"faces":{"east":{"uv":[9.25,4.75,8.625,4.875],"rotation":0,"texture":"#0","tintindex":0},"south":{"uv":[8.625,1.875,9.25,2.0],"rotation":0,"texture":"#0","tintindex":0},"north":{"uv":[9.25,1.875,8.625,2.0],"rotation":0,"texture":"#0","tintindex":0},"west":{"uv":[8.625,4.75,9.25,4.875],"rotation":0,"texture":"#0","tintindex":0},"up":{"uv":[5.5,5.875,6.125,5.25],"rotation":0,"texture":"#0","tintindex":0},"down":{"uv":[1.0,5.5625,1.625,6.1875],"rotation":0,"texture":"#0","tintindex":0}}},{"from":[5.466121,3.3215032,8.142858],"to":[10.03755,7.321503,12.714286],"rotation":{"angle":0.0,"axis":"y","origin":[7.751836,5.321503,10.428572]},"faces":{"east":{"uv":[8.0625,4.9375,7.5625,5.375],"rotation":0,"texture":"#0","tintindex":0},"south":{"uv":[8.0625,4.4375,7.5625,4.875],"rotation":0,"texture":"#0","tintindex":0},"north":{"uv":[7.5,4.125,7.0,4.5625],"rotation":0,"texture":"#0","tintindex":0},"west":{"uv":[8.0625,3.9375,7.5625,4.375],"rotation":0,"texture":"#0","tintindex":0},"up":{"uv":[3.125,7.8125,3.625,7.3125],"rotation":0,"texture":"#0","tintindex":0},"down":{"uv":[3.6875,7.3125,4.1875,7.8125],"rotation":0,"texture":"#0","tintindex":0}}}],"display":{"head":{"translation":[0.0,-6.4,0.0],"scale":[4.0,4.0,4.0]}}}