{"textures":{"0":"modelengine:entity/spirit_guardian"},"elements":[{"from":[3.7142854,7.591088,5.4999065],"to":[12.285715,13.305374,10.071335],"rotation":{"angle":0.0,"axis":"y","origin":[8.0,10.448231,7.7856207]},"faces":{"east":{"uv":[6.5625,2.0625,7.0625,2.6875],"rotation":0,"texture":"#0","tintindex":0},"south":{"uv":[0.0,4.6875,0.9375,5.3125],"rotation":0,"texture":"#0","tintindex":0},"north":{"uv":[3.0,4.5625,3.9375,5.1875],"rotation":0,"texture":"#0","tintindex":0},"west":{"uv":[3.25,6.625,3.75,7.25],"rotation":0,"texture":"#0","tintindex":0},"up":{"uv":[4.9375,5.1875,4.0,4.6875],"rotation":0,"texture":"#0","tintindex":0},"down":{"uv":[5.9375,4.6875,5.0,5.1875],"rotation":0,"texture":"#0","tintindex":0}}}],"display":{"head":{"translation":[0.0,-6.4,0.0],"scale":[4.0,4.0,4.0]}}}