{"textures":{"3":"modelengine:entity/main"},"elements":[{"from":[25.571136,4.9684305,23.428555],"to":[26.173452,5.6992044,23.753342],"faces":{"east":{"uv":[5.0,10.25,5.1875,10.65625],"tintindex":0,"rotation":0,"texture":"#3"},"south":{"uv":[9.25,9.25,9.5625,9.65625],"tintindex":0,"rotation":0,"texture":"#3"},"north":{"uv":[8.75,9.25,9.0625,9.65625],"tintindex":0,"rotation":0,"texture":"#3"},"west":{"uv":[8.5,10.25,8.6875,10.65625],"tintindex":0,"rotation":0,"texture":"#3"},"up":{"uv":[11.0625,4.1875,10.75,4.0],"tintindex":0,"rotation":0,"texture":"#3"},"down":{"uv":[11.0625,4.25,10.75,4.4375],"tintindex":0,"rotation":0,"texture":"#3"}},"rotation":{"origin":[26.118664,12.860556,24.18175],"angle":-22.5,"axis":"z"}},{"from":[18.11293,7.278791,23.27566],"to":[18.715248,8.090764,23.92524],"faces":{"east":{"uv":[9.0,0.0,9.34375,0.4375],"tintindex":0,"rotation":0,"texture":"#3"},"south":{"uv":[9.25,2.5,9.5625,2.9375],"tintindex":0,"rotation":0,"texture":"#3"},"north":{"uv":[9.25,2.0,9.5625,2.4375],"tintindex":0,"rotation":0,"texture":"#3"},"west":{"uv":[9.0,0.5,9.34375,0.9375],"tintindex":0,"rotation":0,"texture":"#3"},"up":{"uv":[6.0625,10.09375,5.75,9.75],"tintindex":0,"rotation":0,"texture":"#3"},"down":{"uv":[6.5625,9.75,6.25,10.09375],"tintindex":0,"rotation":0,"texture":"#3"}},"rotation":{"origin":[23.021164,13.219748,23.52666],"angle":45.0,"axis":"z"}},{"from":[20.609138,7.119944,23.349792],"to":[21.015131,7.850718,23.836977],"faces":{"east":{"uv":[1.25,5.0,1.5,5.40625],"tintindex":0,"rotation":0,"texture":"#3"},"south":{"uv":[10.0,0.0,10.21875,0.40625],"tintindex":0,"rotation":0,"texture":"#3"},"north":{"uv":[0.0,10.0,0.21875,10.40625],"tintindex":0,"rotation":0,"texture":"#3"},"west":{"uv":[9.75,7.25,10.0,7.65625],"tintindex":0,"rotation":0,"texture":"#3"},"up":{"uv":[4.96875,7.5,4.75,7.25],"tintindex":0,"rotation":0,"texture":"#3"},"down":{"uv":[6.46875,7.5,6.25,7.75],"tintindex":0,"rotation":0,"texture":"#3"}},"rotation":{"origin":[25.923363,13.060896,23.511906],"angle":22.5,"axis":"z"}},{"from":[23.60316,5.6490884,23.24244],"to":[24.682371,6.548269,23.973213],"faces":{"east":{"uv":[6.25,7.75,6.65625,8.25],"tintindex":0,"rotation":0,"texture":"#3"},"south":{"uv":[5.75,4.75,6.34375,5.25],"tintindex":0,"rotation":0,"texture":"#3"},"north":{"uv":[5.75,4.25,6.34375,4.75],"tintindex":0,"rotation":0,"texture":"#3"},"west":{"uv":[7.75,6.25,8.15625,6.75],"tintindex":0,"rotation":0,"texture":"#3"},"up":{"uv":[0.59375,7.15625,0.0,6.75],"tintindex":0,"rotation":0,"texture":"#3"},"down":{"uv":[2.84375,6.75,2.25,7.15625],"tintindex":0,"rotation":0,"texture":"#3"}}},{"from":[23.749374,6.060043,23.27566],"to":[24.676014,6.523363,23.925236],"faces":{"east":{"uv":[10.0,6.0,10.34375,6.25],"tintindex":0,"rotation":0,"texture":"#3"},"south":{"uv":[0.75,6.25,1.25,6.5],"tintindex":0,"rotation":0,"texture":"#3"},"north":{"uv":[5.75,1.0,6.25,1.25],"tintindex":0,"rotation":0,"texture":"#3"},"west":{"uv":[10.25,0.0,10.59375,0.25],"tintindex":0,"rotation":0,"texture":"#3"},"up":{"uv":[8.25,8.59375,7.75,8.25],"tintindex":0,"rotation":0,"texture":"#3"},"down":{"uv":[8.75,7.75,8.25,8.09375],"tintindex":0,"rotation":0,"texture":"#3"}},"rotation":{"origin":[23.613667,6.16829,23.371624],"angle":22.5,"axis":"z"}},{"from":[25.155281,10.801809,23.456356],"to":[26.081923,11.34655,23.699947],"faces":{"east":{"uv":[11.0,7.25,11.125,7.53125],"tintindex":0,"rotation":0,"texture":"#3"},"south":{"uv":[9.0,5.5,9.5,5.78125],"tintindex":0,"rotation":0,"texture":"#3"},"north":{"uv":[9.0,4.5,9.5,4.78125],"tintindex":0,"rotation":0,"texture":"#3"},"west":{"uv":[7.5,11.0,7.625,11.28125],"tintindex":0,"rotation":0,"texture":"#3"},"up":{"uv":[11.25,2.625,10.75,2.5],"tintindex":0,"rotation":0,"texture":"#3"},"down":{"uv":[3.25,10.75,2.75,10.875],"tintindex":0,"rotation":0,"texture":"#3"}},"rotation":{"origin":[30.324615,5.1670194,23.352175],"angle":45.0,"axis":"z"}},{"from":[15.146618,7.2546263,23.56755],"to":[17.091011,8.843093,23.56755],"faces":{"south":{"uv":[3.0,1.0,4.0625,1.84375],"tintindex":0,"rotation":0,"texture":"#3"},"north":{"uv":[3.0,0.0,4.0625,0.84375],"tintindex":0,"rotation":0,"texture":"#3"}},"rotation":{"origin":[23.270542,13.649723,23.161982],"angle":45.0,"axis":"z"}},{"from":[23.149096,5.5482135,23.39149],"to":[23.751411,6.2789927,23.797478],"faces":{"east":{"uv":[0.25,10.0,0.46875,10.40625],"tintindex":0,"rotation":0,"texture":"#3"},"south":{"uv":[9.25,7.75,9.5625,8.15625],"tintindex":0,"rotation":0,"texture":"#3"},"north":{"uv":[7.75,9.25,8.0625,9.65625],"tintindex":0,"rotation":0,"texture":"#3"},"west":{"uv":[10.0,0.5,10.21875,0.90625],"tintindex":0,"rotation":0,"texture":"#3"},"up":{"uv":[6.0625,10.71875,5.75,10.5],"tintindex":0,"rotation":0,"texture":"#3"},"down":{"uv":[10.8125,5.75,10.5,5.96875],"tintindex":0,"rotation":0,"texture":"#3"}}}],"display":{"gui":{"rotation":[30,225,0]}}}