{"textures":{"5":"modelengine:entity/animasi1"},"elements":[{"from":[0.27227592,9.171427,9.438331],"to":[7.2808557,18.94268,9.438331],"faces":{"south":{"uv":[13.3724,0.0,0.0,16.0],"tintindex":0,"rotation":0,"texture":"#5"},"north":{"uv":[0.0,0.0,13.3724,16.0],"tintindex":0,"rotation":0,"texture":"#5"}}},{"from":[0.27227592,9.171427,9.333507],"to":[7.2808557,18.94268,9.333507],"faces":{"south":{"uv":[13.3724,0.0,0.0,16.0],"tintindex":0,"rotation":0,"texture":"#5"},"north":{"uv":[0.0,0.0,13.3724,16.0],"tintindex":0,"rotation":0,"texture":"#5"}}}],"display":{"gui":{"rotation":[30,225,0]}}}