{"textures":{"3":"modelengine:entity/main"},"elements":[{"from":[10.448162,20.358278,6.727929],"to":[11.448934,21.192253,7.4785075],"faces":{"east":{"uv":[6.25,8.25,6.65625,8.6875],"tintindex":0,"rotation":0,"texture":"#3"},"south":{"uv":[0.75,7.0,1.28125,7.4375],"tintindex":0,"rotation":0,"texture":"#3"},"north":{"uv":[6.5,6.75,7.03125,7.1875],"tintindex":0,"rotation":0,"texture":"#3"},"west":{"uv":[8.25,6.25,8.65625,6.6875],"tintindex":0,"rotation":0,"texture":"#3"},"up":{"uv":[3.28125,7.90625,2.75,7.5],"tintindex":0,"rotation":0,"texture":"#3"},"down":{"uv":[8.03125,3.0,7.5,3.40625],"tintindex":0,"rotation":0,"texture":"#3"}},"rotation":{"origin":[12.696453,18.938847,6.727929],"angle":22.5,"axis":"z"}},{"from":[10.084142,19.606007,6.8530254],"to":[11.001515,20.022995,7.353411],"faces":{"east":{"uv":[10.75,2.75,11.03125,2.96875],"tintindex":0,"rotation":0,"texture":"#3"},"south":{"uv":[9.75,2.75,10.25,2.96875],"tintindex":0,"rotation":0,"texture":"#3"},"north":{"uv":[9.5,4.75,10.0,4.96875],"tintindex":0,"rotation":0,"texture":"#3"},"west":{"uv":[3.25,10.75,3.53125,10.96875],"tintindex":0,"rotation":0,"texture":"#3"},"up":{"uv":[1.0,9.53125,0.5,9.25],"tintindex":0,"rotation":0,"texture":"#3"},"down":{"uv":[1.5,9.25,1.0,9.53125],"tintindex":0,"rotation":0,"texture":"#3"}},"rotation":{"origin":[12.696453,18.938847,6.727929],"angle":22.5,"axis":"z"}},{"from":[11.405464,21.498127,6.769628],"to":[12.406235,22.332104,7.4368086],"faces":{"east":{"uv":[5.5,8.75,5.875,9.1875],"tintindex":0,"rotation":0,"texture":"#3"},"south":{"uv":[7.0,2.0,7.53125,2.4375],"tintindex":0,"rotation":0,"texture":"#3"},"north":{"uv":[1.5,7.0,2.03125,7.4375],"tintindex":0,"rotation":0,"texture":"#3"},"west":{"uv":[6.0,8.75,6.375,9.1875],"tintindex":0,"rotation":0,"texture":"#3"},"up":{"uv":[2.28125,8.375,1.75,8.0],"tintindex":0,"rotation":0,"texture":"#3"},"down":{"uv":[8.53125,2.25,8.0,2.625],"tintindex":0,"rotation":0,"texture":"#3"}},"rotation":{"origin":[12.696453,18.938847,6.727929],"angle":45.0,"axis":"z"}},{"from":[8.688915,18.022049,6.732099],"to":[9.606289,18.856026,7.5577354],"faces":{"east":{"uv":[0.0,8.25,0.4375,8.6875],"tintindex":0,"rotation":0,"texture":"#3"},"south":{"uv":[6.5,7.25,7.0,7.6875],"tintindex":0,"rotation":0,"texture":"#3"},"north":{"uv":[7.25,6.25,7.75,6.6875],"tintindex":0,"rotation":0,"texture":"#3"},"west":{"uv":[8.25,1.5,8.6875,1.9375],"tintindex":0,"rotation":0,"texture":"#3"},"up":{"uv":[7.75,7.1875,7.25,6.75],"tintindex":0,"rotation":0,"texture":"#3"},"down":{"uv":[7.5,7.25,7.0,7.6875],"tintindex":0,"rotation":0,"texture":"#3"}},"rotation":{"origin":[12.696453,18.938847,6.727929],"angle":-45.0,"axis":"z"}},{"from":[11.614292,22.35354,6.811327],"to":[12.448269,23.354311,7.4785075],"faces":{"east":{"uv":[2.5,8.0,2.875,8.53125],"tintindex":0,"rotation":0,"texture":"#3"},"south":{"uv":[7.0,3.25,7.4375,3.78125],"tintindex":0,"rotation":0,"texture":"#3"},"north":{"uv":[7.0,2.5,7.4375,3.03125],"tintindex":0,"rotation":0,"texture":"#3"},"west":{"uv":[3.0,8.0,3.375,8.53125],"tintindex":0,"rotation":0,"texture":"#3"},"up":{"uv":[9.1875,6.625,8.75,6.25],"tintindex":0,"rotation":0,"texture":"#3"},"down":{"uv":[6.9375,8.75,6.5,9.125],"tintindex":0,"rotation":0,"texture":"#3"}},"rotation":{"origin":[12.696453,18.938847,6.727929],"angle":22.5,"axis":"z"}},{"from":[11.338195,23.266512,6.862292],"to":[11.83858,23.637169,7.418276],"faces":{"east":{"uv":[5.75,10.75,6.0625,10.9375],"tintindex":0,"rotation":0,"texture":"#3"},"south":{"uv":[10.75,6.75,11.03125,6.9375],"tintindex":0,"rotation":0,"texture":"#3"},"north":{"uv":[6.75,10.75,7.03125,10.9375],"tintindex":0,"rotation":0,"texture":"#3"},"west":{"uv":[6.25,10.75,6.5625,10.9375],"tintindex":0,"rotation":0,"texture":"#3"},"up":{"uv":[10.28125,7.5625,10.0,7.25],"tintindex":0,"rotation":0,"texture":"#3"},"down":{"uv":[8.03125,10.0,7.75,10.3125],"tintindex":0,"rotation":0,"texture":"#3"}}},{"from":[8.80905,20.044884,6.769628],"to":[9.80982,21.295847,7.5202065],"faces":{"east":{"uv":[5.75,5.25,6.15625,5.9375],"tintindex":0,"rotation":0,"texture":"#3"},"south":{"uv":[3.0,4.75,3.53125,5.4375],"tintindex":0,"rotation":0,"texture":"#3"},"north":{"uv":[4.75,2.25,5.28125,2.9375],"tintindex":0,"rotation":0,"texture":"#3"},"west":{"uv":[5.0,6.0,5.40625,6.6875],"tintindex":0,"rotation":0,"texture":"#3"},"up":{"uv":[8.03125,3.90625,7.5,3.5],"tintindex":0,"rotation":0,"texture":"#3"},"down":{"uv":[5.28125,7.5,4.75,7.90625],"tintindex":0,"rotation":0,"texture":"#3"}},"rotation":{"origin":[12.696453,18.938847,6.727929],"angle":-22.5,"axis":"z"}},{"from":[8.529338,20.016302,6.8530254],"to":[9.029723,21.392363,7.4368086],"faces":{"east":{"uv":[4.0,6.5,4.3125,7.25],"tintindex":0,"rotation":0,"texture":"#3"},"south":{"uv":[7.75,1.5,8.03125,2.25],"tintindex":0,"rotation":0,"texture":"#3"},"north":{"uv":[3.5,7.5,3.78125,8.25],"tintindex":0,"rotation":0,"texture":"#3"},"west":{"uv":[5.0,6.75,5.3125,7.5],"tintindex":0,"rotation":0,"texture":"#3"},"up":{"uv":[10.28125,4.8125,10.0,4.5],"tintindex":0,"rotation":0,"texture":"#3"},"down":{"uv":[10.28125,5.5,10.0,5.8125],"tintindex":0,"rotation":0,"texture":"#3"}},"rotation":{"origin":[12.696453,18.938847,6.727929],"angle":-45.0,"axis":"z"}},{"from":[8.840879,20.299051,6.727929],"to":[10.091844,21.133026,7.561905],"faces":{"east":{"uv":[8.0,4.5,8.4375,4.9375],"tintindex":0,"rotation":0,"texture":"#3"},"south":{"uv":[5.0,5.5,5.6875,5.9375],"tintindex":0,"rotation":0,"texture":"#3"},"north":{"uv":[5.5,2.25,6.1875,2.6875],"tintindex":0,"rotation":0,"texture":"#3"},"west":{"uv":[8.0,5.75,8.4375,6.1875],"tintindex":0,"rotation":0,"texture":"#3"},"up":{"uv":[0.6875,6.1875,0.0,5.75],"tintindex":0,"rotation":0,"texture":"#3"},"down":{"uv":[6.4375,0.0,5.75,0.4375],"tintindex":0,"rotation":0,"texture":"#3"}}},{"from":[9.916533,18.938847,6.769628],"to":[11.000702,19.772821,7.4368086],"faces":{"east":{"uv":[5.0,8.75,5.375,9.1875],"tintindex":0,"rotation":0,"texture":"#3"},"south":{"uv":[6.5,1.0,7.09375,1.4375],"tintindex":0,"rotation":0,"texture":"#3"},"north":{"uv":[0.75,6.5,1.34375,6.9375],"tintindex":0,"rotation":0,"texture":"#3"},"west":{"uv":[8.75,5.0,9.125,5.4375],"tintindex":0,"rotation":0,"texture":"#3"},"up":{"uv":[4.59375,7.625,4.0,7.25],"tintindex":0,"rotation":0,"texture":"#3"},"down":{"uv":[7.84375,4.0,7.25,4.375],"tintindex":0,"rotation":0,"texture":"#3"}}},{"from":[11.080388,16.780697,6.811327],"to":[11.4973755,17.739769,7.39511],"faces":{"east":{"uv":[8.75,2.0,9.0625,2.53125],"tintindex":0,"rotation":0,"texture":"#3"},"south":{"uv":[9.75,1.0,9.96875,1.53125],"tintindex":0,"rotation":0,"texture":"#3"},"north":{"uv":[8.25,9.25,8.46875,9.78125],"tintindex":0,"rotation":0,"texture":"#3"},"west":{"uv":[2.5,8.75,2.8125,9.28125],"tintindex":0,"rotation":0,"texture":"#3"},"up":{"uv":[10.71875,10.8125,10.5,10.5],"tintindex":0,"rotation":0,"texture":"#3"},"down":{"uv":[10.96875,0.0,10.75,0.3125],"tintindex":0,"rotation":0,"texture":"#3"}},"rotation":{"origin":[12.696453,18.938847,6.727929],"angle":-45.0,"axis":"z"}},{"from":[9.606022,21.177906,6.8947244],"to":[10.106407,22.262075,7.39511],"faces":{"east":{"uv":[8.5,0.5,8.78125,1.09375],"tintindex":0,"rotation":0,"texture":"#3"},"south":{"uv":[1.0,8.5,1.28125,9.09375],"tintindex":0,"rotation":0,"texture":"#3"},"north":{"uv":[0.5,8.5,0.78125,9.09375],"tintindex":0,"rotation":0,"texture":"#3"},"west":{"uv":[1.5,8.5,1.78125,9.09375],"tintindex":0,"rotation":0,"texture":"#3"},"up":{"uv":[2.78125,10.53125,2.5,10.25],"tintindex":0,"rotation":0,"texture":"#3"},"down":{"uv":[3.28125,10.25,3.0,10.53125],"tintindex":0,"rotation":0,"texture":"#3"}},"rotation":{"origin":[12.696453,18.938847,6.727929],"angle":-22.5,"axis":"z"}}],"display":{"gui":{"rotation":[30,225,0]}}}