{"textures":{"3":"modelengine:entity/main"},"elements":[{"from":[16.143915,9.4145565,6.9863844],"to":[16.278082,9.817074,7.227893],"faces":{"east":{"uv":[1.0,11.25,1.125,11.46875],"tintindex":0,"rotation":0,"texture":"#3"},"south":{"uv":[5.75,11.25,5.8125,11.46875],"tintindex":0,"rotation":0,"texture":"#3"},"north":{"uv":[11.25,5.5,11.3125,5.71875],"tintindex":0,"rotation":0,"texture":"#3"},"west":{"uv":[1.25,11.25,1.375,11.46875],"tintindex":0,"rotation":0,"texture":"#3"},"up":{"uv":[11.3125,7.625,11.25,7.5],"tintindex":0,"rotation":0,"texture":"#3"},"down":{"uv":[7.8125,11.25,7.75,11.375],"tintindex":0,"rotation":0,"texture":"#3"}},"rotation":{"origin":[19.514202,11.7375965,7.1272955],"angle":22.5,"axis":"z"}},{"from":[15.785526,10.14863,6.8790436],"to":[16.268543,10.363308,7.3352284],"faces":{"east":{"uv":[10.5,11.0,10.75,11.125],"tintindex":0,"rotation":0,"texture":"#3"},"south":{"uv":[10.75,11.0,11.0,11.125],"tintindex":0,"rotation":0,"texture":"#3"},"north":{"uv":[11.0,10.25,11.25,10.375],"tintindex":0,"rotation":0,"texture":"#3"},"west":{"uv":[11.0,11.0,11.25,11.125],"tintindex":0,"rotation":0,"texture":"#3"},"up":{"uv":[4.5,4.0,4.25,3.75],"tintindex":0,"rotation":0,"texture":"#3"},"down":{"uv":[5.5,1.25,5.25,1.5],"tintindex":0,"rotation":0,"texture":"#3"}},"rotation":{"origin":[19.514202,11.7375965,7.1272955],"angle":45.0,"axis":"z"}},{"from":[19.388395,7.264541,6.7448764],"to":[19.925085,7.532886,7.469401],"faces":{"east":{"uv":[10.75,1.75,11.15625,1.90625],"tintindex":0,"rotation":0,"texture":"#3"},"south":{"uv":[10.75,10.75,11.03125,10.90625],"tintindex":0,"rotation":0,"texture":"#3"},"north":{"uv":[10.75,10.5,11.03125,10.65625],"tintindex":0,"rotation":0,"texture":"#3"},"west":{"uv":[10.75,2.0,11.15625,2.15625],"tintindex":0,"rotation":0,"texture":"#3"},"up":{"uv":[10.03125,2.15625,9.75,1.75],"tintindex":0,"rotation":0,"texture":"#3"},"down":{"uv":[2.28125,9.75,2.0,10.15625],"tintindex":0,"rotation":0,"texture":"#3"}},"rotation":{"origin":[19.514202,11.7375965,7.1272955],"angle":-22.5,"axis":"z"}},{"from":[16.159626,8.147367,6.691203],"to":[16.69631,8.415711,7.5230684],"faces":{"east":{"uv":[10.5,5.25,10.9375,5.40625],"tintindex":0,"rotation":0,"texture":"#3"},"south":{"uv":[11.0,0.0,11.28125,0.15625],"tintindex":0,"rotation":0,"texture":"#3"},"north":{"uv":[0.0,11.0,0.28125,11.15625],"tintindex":0,"rotation":0,"texture":"#3"},"west":{"uv":[10.5,5.5,10.9375,5.65625],"tintindex":0,"rotation":0,"texture":"#3"},"up":{"uv":[0.78125,10.1875,0.5,9.75],"tintindex":0,"rotation":0,"texture":"#3"},"down":{"uv":[1.28125,9.75,1.0,10.1875],"tintindex":0,"rotation":0,"texture":"#3"}},"rotation":{"origin":[19.514202,11.7375965,7.1272955],"angle":22.5,"axis":"z"}},{"from":[21.547405,7.264454,6.664372],"to":[22.218262,7.801138,7.5499053],"faces":{"east":{"uv":[4.75,9.25,5.21875,9.53125],"tintindex":0,"rotation":0,"texture":"#3"},"south":{"uv":[7.25,9.75,7.625,10.03125],"tintindex":0,"rotation":0,"texture":"#3"},"north":{"uv":[9.75,6.75,10.125,7.03125],"tintindex":0,"rotation":0,"texture":"#3"},"west":{"uv":[9.25,5.0,9.71875,5.28125],"tintindex":0,"rotation":0,"texture":"#3"},"up":{"uv":[7.625,8.71875,7.25,8.25],"tintindex":0,"rotation":0,"texture":"#3"},"down":{"uv":[8.625,7.25,8.25,7.71875],"tintindex":0,"rotation":0,"texture":"#3"}},"rotation":{"origin":[19.514202,11.7375965,7.1272955],"angle":-45.0,"axis":"z"}},{"from":[16.640661,8.812854,6.852212],"to":[17.123676,9.027525,7.3620653],"faces":{"east":{"uv":[6.5,11.0,6.78125,11.125],"tintindex":0,"rotation":0,"texture":"#3"},"south":{"uv":[10.25,11.0,10.5,11.125],"tintindex":0,"rotation":0,"texture":"#3"},"north":{"uv":[11.0,10.0,11.25,10.125],"tintindex":0,"rotation":0,"texture":"#3"},"west":{"uv":[7.0,11.0,7.28125,11.125],"tintindex":0,"rotation":0,"texture":"#3"},"up":{"uv":[10.75,3.53125,10.5,3.25],"tintindex":0,"rotation":0,"texture":"#3"},"down":{"uv":[4.75,10.5,4.5,10.78125],"tintindex":0,"rotation":0,"texture":"#3"}},"rotation":{"origin":[19.514202,11.7375965,7.1272955],"angle":22.5,"axis":"z"}},{"from":[17.686209,7.3848295,6.71804],"to":[18.222893,7.653174,7.4962373],"faces":{"east":{"uv":[2.25,10.75,2.65625,10.90625],"tintindex":0,"rotation":0,"texture":"#3"},"south":{"uv":[11.0,0.75,11.28125,0.90625],"tintindex":0,"rotation":0,"texture":"#3"},"north":{"uv":[0.75,11.0,1.03125,11.15625],"tintindex":0,"rotation":0,"texture":"#3"},"west":{"uv":[10.75,2.25,11.15625,2.40625],"tintindex":0,"rotation":0,"texture":"#3"},"up":{"uv":[10.03125,2.65625,9.75,2.25],"tintindex":0,"rotation":0,"texture":"#3"},"down":{"uv":[5.03125,9.75,4.75,10.15625],"tintindex":0,"rotation":0,"texture":"#3"}}},{"from":[19.327148,7.7300644,6.90588],"to":[19.54182,8.213086,7.3083973],"faces":{"east":{"uv":[7.0,4.0,7.21875,4.25],"tintindex":0,"rotation":0,"texture":"#3"},"south":{"uv":[0.25,11.25,0.375,11.5],"tintindex":0,"rotation":0,"texture":"#3"},"north":{"uv":[0.0,11.25,0.125,11.5],"tintindex":0,"rotation":0,"texture":"#3"},"west":{"uv":[2.75,7.25,2.96875,7.5],"tintindex":0,"rotation":0,"texture":"#3"},"up":{"uv":[11.375,1.46875,11.25,1.25],"tintindex":0,"rotation":0,"texture":"#3"},"down":{"uv":[1.625,11.25,1.5,11.46875],"tintindex":0,"rotation":0,"texture":"#3"}},"rotation":{"origin":[19.514202,11.7375965,7.1272955],"angle":-22.5,"axis":"z"}},{"from":[21.00705,7.8048034,6.7717075],"to":[21.543736,8.073148,7.442564],"faces":{"east":{"uv":[3.75,10.75,4.125,10.90625],"tintindex":0,"rotation":0,"texture":"#3"},"south":{"uv":[11.0,0.5,11.28125,0.65625],"tintindex":0,"rotation":0,"texture":"#3"},"north":{"uv":[11.0,0.25,11.28125,0.40625],"tintindex":0,"rotation":0,"texture":"#3"},"west":{"uv":[10.75,3.75,11.125,3.90625],"tintindex":0,"rotation":0,"texture":"#3"},"up":{"uv":[10.03125,6.625,9.75,6.25],"tintindex":0,"rotation":0,"texture":"#3"},"down":{"uv":[7.03125,9.75,6.75,10.125],"tintindex":0,"rotation":0,"texture":"#3"}},"rotation":{"origin":[19.514202,11.7375965,7.1272955],"angle":-45.0,"axis":"z"}},{"from":[19.491089,7.5661263,6.7985444],"to":[19.974104,7.780798,7.415733],"faces":{"east":{"uv":[11.0,1.0,11.34375,1.125],"tintindex":0,"rotation":0,"texture":"#3"},"south":{"uv":[11.0,9.75,11.25,9.875],"tintindex":0,"rotation":0,"texture":"#3"},"north":{"uv":[9.75,11.0,10.0,11.125],"tintindex":0,"rotation":0,"texture":"#3"},"west":{"uv":[1.25,11.0,1.59375,11.125],"tintindex":0,"rotation":0,"texture":"#3"},"up":{"uv":[8.5,10.34375,8.25,10.0],"tintindex":0,"rotation":0,"texture":"#3"},"down":{"uv":[10.25,9.75,10.0,10.09375],"tintindex":0,"rotation":0,"texture":"#3"}},"rotation":{"origin":[19.514202,11.7375965,7.1272955],"angle":-22.5,"axis":"z"}},{"from":[18.67881,7.7280827,6.959548],"to":[19.16183,7.996427,7.254724],"faces":{"east":{"uv":[2.25,11.25,2.40625,11.40625],"tintindex":0,"rotation":0,"texture":"#3"},"south":{"uv":[11.0,4.5,11.25,4.65625],"tintindex":0,"rotation":0,"texture":"#3"},"north":{"uv":[4.5,11.0,4.75,11.15625],"tintindex":0,"rotation":0,"texture":"#3"},"west":{"uv":[11.25,2.25,11.40625,2.40625],"tintindex":0,"rotation":0,"texture":"#3"},"up":{"uv":[5.0,11.15625,4.75,11.0],"tintindex":0,"rotation":0,"texture":"#3"},"down":{"uv":[11.25,4.75,11.0,4.90625],"tintindex":0,"rotation":0,"texture":"#3"}},"rotation":{"origin":[19.514202,11.7375965,7.1272955],"angle":-22.5,"axis":"z"}},{"from":[17.94188,7.9059973,6.8253756],"to":[18.424896,8.120668,7.3888965],"faces":{"east":{"uv":[3.25,11.0,3.5625,11.125],"tintindex":0,"rotation":0,"texture":"#3"},"south":{"uv":[11.0,9.5,11.25,9.625],"tintindex":0,"rotation":0,"texture":"#3"},"north":{"uv":[9.5,11.0,9.75,11.125],"tintindex":0,"rotation":0,"texture":"#3"},"west":{"uv":[3.75,11.0,4.0625,11.125],"tintindex":0,"rotation":0,"texture":"#3"},"up":{"uv":[4.25,10.5625,4.0,10.25],"tintindex":0,"rotation":0,"texture":"#3"},"down":{"uv":[4.5,10.25,4.25,10.5625],"tintindex":0,"rotation":0,"texture":"#3"}}},{"from":[17.509598,8.15044,6.9327164],"to":[17.992613,8.552952,7.2815604],"faces":{"east":{"uv":[5.0,8.5,5.1875,8.71875],"tintindex":0,"rotation":0,"texture":"#3"},