{"textures":{"5":"modelengine:entity/animasi1"},"elements":[{"from":[-1.7487469,15.919426,18.804323],"to":[1.0669827,19.40142,18.804323],"faces":{"south":{"uv":[1.0,0.0,15.5,16.0],"tintindex":0,"rotation":0,"texture":"#5"},"north":{"uv":[13.5,0.0,1.0,16.0],"tintindex":0,"rotation":0,"texture":"#5"}},"rotation":{"origin":[0.15077257,15.932162,18.139214],"angle":-45.0,"axis":"z"}},{"from":[-3.006609,16.244667,18.804323],"to":[-0.19086933,19.72665,18.804323],"faces":{"south":{"uv":[15.5,0.0,1.0,16.0],"tintindex":0,"rotation":0,"texture":"#5"},"north":{"uv":[1.0,0.0,13.5,16.0],"tintindex":0,"rotation":0,"texture":"#5"}},"rotation":{"origin":[-1.3831873,16.502962,16.949787],"angle":45.0,"axis":"z"}},{"from":[-3.006609,16.244667,15.6596775],"to":[-0.19086933,19.72665,15.6596775],"faces":{"south":{"uv":[15.5,0.0,1.0,16.0],"tintindex":0,"rotation":0,"texture":"#5"},"north":{"uv":[1.0,0.0,13.5,16.0],"tintindex":0,"rotation":0,"texture":"#5"}},"rotation":{"origin":[-1.3831873,16.502962,13.805141],"angle":45.0,"axis":"z"}},{"from":[-1.7487469,15.919426,15.6596775],"to":[1.0669827,19.40142,15.6596775],"faces":{"south":{"uv":[1.0,0.0,15.5,16.0],"tintindex":0,"rotation":0,"texture":"#5"},"north":{"uv":[13.5,0.0,1.0,16.0],"tintindex":0,"rotation":0,"texture":"#5"}},"rotation":{"origin":[0.15077257,15.932162,14.994567],"angle":-45.0,"axis":"z"}}],"display":{"gui":{"rotation":[30,225,0]}}}