{"textures":{"3":"modelengine:entity/main"},"elements":[{"from":[20.440647,28.693241,5.665969],"to":[21.765587,29.355715,6.460933],"faces":{"east":{"uv":[9.25,4.25,9.46875,4.4375],"tintindex":0,"rotation":0,"texture":"#3"},"south":{"uv":[0.75,10.75,1.09375,10.9375],"tintindex":0,"rotation":0,"texture":"#3"},"north":{"uv":[10.5,7.75,10.84375,7.9375],"tintindex":0,"rotation":0,"texture":"#3"},"west":{"uv":[11.0,1.25,11.21875,1.4375],"tintindex":0,"rotation":0,"texture":"#3"},"up":{"uv":[10.59375,9.71875,10.25,9.5],"tintindex":0,"rotation":0,"texture":"#3"},"down":{"uv":[10.59375,9.75,10.25,9.96875],"tintindex":0,"rotation":0,"texture":"#3"}},"rotation":{"origin":[20.440647,30.018183,5.467225],"angle":-22.5,"axis":"z"}},{"from":[20.818314,28.89911,5.665969],"to":[21.41122,29.561575,6.460933],"faces":{"east":{"uv":[9.25,4.25,9.46875,4.4375],"tintindex":0,"rotation":0,"texture":"#3"},"south":{"uv":[0.75,10.75,1.09375,10.9375],"tintindex":0,"rotation":0,"texture":"#3"},"north":{"uv":[10.5,7.75,10.84375,7.9375],"tintindex":0,"rotation":0,"texture":"#3"},"west":{"uv":[11.0,1.25,11.21875,1.4375],"tintindex":0,"rotation":0,"texture":"#3"},"up":{"uv":[10.59375,9.71875,10.25,9.5],"tintindex":0,"rotation":0,"texture":"#3"},"down":{"uv":[10.59375,9.75,10.25,9.96875],"tintindex":0,"rotation":0,"texture":"#3"}}},{"from":[19.283943,28.848679,5.665969],"to":[20.608894,29.511156,6.460933],"faces":{"east":{"uv":[2.25,11.0,2.46875,11.1875],"tintindex":0,"rotation":0,"texture":"#3"},"south":{"uv":[1.75,10.75,2.09375,10.9375],"tintindex":0,"rotation":0,"texture":"#3"},"north":{"uv":[1.25,10.75,1.59375,10.9375],"tintindex":0,"rotation":0,"texture":"#3"},"west":{"uv":[2.5,11.0,2.71875,11.1875],"tintindex":0,"rotation":0,"texture":"#3"},"up":{"uv":[10.59375,10.21875,10.25,10.0],"tintindex":0,"rotation":0,"texture":"#3"},"down":{"uv":[10.59375,10.25,10.25,10.46875],"tintindex":0,"rotation":0,"texture":"#3"}},"rotation":{"origin":[19.283943,30.17362,5.5997243],"angle":45.0,"axis":"z"}},{"from":[20.08627,28.89911,5.665969],"to":[21.41122,29.561575,6.460933],"faces":{"east":{"uv":[9.25,4.25,9.46875,4.4375],"tintindex":0,"rotation":0,"texture":"#3"},"south":{"uv":[0.75,10.75,1.09375,10.9375],"tintindex":0,"rotation":0,"texture":"#3"},"north":{"uv":[10.5,7.75,10.84375,7.9375],"tintindex":0,"rotation":0,"texture":"#3"},"west":{"uv":[11.0,1.25,11.21875,1.4375],"tintindex":0,"rotation":0,"texture":"#3"},"up":{"uv":[10.59375,9.71875,10.25,9.5],"tintindex":0,"rotation":0,"texture":"#3"},"down":{"uv":[10.59375,9.75,10.25,9.96875],"tintindex":0,"rotation":0,"texture":"#3"}}},{"from":[19.680092,28.953688,5.665969],"to":[21.005043,29.616163,6.460933],"faces":{"east":{"uv":[9.25,4.25,9.46875,4.4375],"tintindex":0,"rotation":0,"texture":"#3"},"south":{"uv":[0.75,10.75,1.09375,10.9375],"tintindex":0,"rotation":0,"texture":"#3"},"north":{"uv":[10.5,7.75,10.84375,7.9375],"tintindex":0,"rotation":0,"texture":"#3"},"west":{"uv":[11.0,1.25,11.21875,1.4375],"tintindex":0,"rotation":0,"texture":"#3"},"up":{"uv":[10.59375,9.71875,10.25,9.5],"tintindex":0,"rotation":0,"texture":"#3"},"down":{"uv":[10.59375,9.75,10.25,9.96875],"tintindex":0,"rotation":0,"texture":"#3"}},"rotation":{"origin":[19.680092,30.278627,5.467225],"angle":22.5,"axis":"z"}},{"from":[19.364313,28.367434,5.665969],"to":[20.026789,29.692373,6.460933],"faces":{"east":{"uv":[8.75,10.25,8.96875,10.59375],"tintindex":0,"rotation":0,"texture":"#3"},"south":{"uv":[0.75,10.75,1.09375,10.9375],"tintindex":0,"rotation":0,"texture":"#3"},"north":{"uv":[10.5,7.75,10.84375,7.9375],"tintindex":0,"rotation":0,"texture":"#3"},"west":{"uv":[10.0,10.25,10.21875,10.59375],"tintindex":0,"rotation":0,"texture":"#3"},"up":{"uv":[1.9375,11.21875,1.75,11.0],"tintindex":0,"rotation":0,"texture":"#3"},"down":{"uv":[2.1875,11.0,2.0,11.21875],"tintindex":0,"rotation":0,"texture":"#3"}},"rotation":{"origin":[20.689264,29.692373,5.467225],"angle":45.0,"axis":"z"}}],"display":{"gui":{"rotation":[30,225,0]}}}