{"textures":{"3":"modelengine:entity/main"},"elements":[{"from":[19.71101,28.953688,5.665969],"to":[21.035961,29.616163,6.460933],"faces":{"east":{"uv":[11.0,1.25,11.21875,1.4375],"tintindex":0,"rotation":0,"texture":"#3"},"south":{"uv":[10.5,7.75,10.84375,7.9375],"tintindex":0,"rotation":0,"texture":"#3"},"north":{"uv":[0.75,10.75,1.09375,10.9375],"tintindex":0,"rotation":0,"texture":"#3"},"west":{"uv":[9.25,4.25,9.46875,4.4375],"tintindex":0,"rotation":0,"texture":"#3"},"up":{"uv":[10.59375,9.71875,10.25,9.5],"tintindex":0,"rotation":0,"texture":"#3"},"down":{"uv":[10.59375,9.75,10.25,9.96875],"tintindex":0,"rotation":0,"texture":"#3"}},"rotation":{"origin":[21.035961,30.278627,6.659677],"angle":-22.5,"axis":"z"}},{"from":[20.689264,28.367434,5.665969],"to":[21.35173,29.692373,6.460933],"faces":{"east":{"uv":[10.0,10.25,10.21875,10.59375],"tintindex":0,"rotation":0,"texture":"#3"},"south":{"uv":[10.5,7.75,10.84375,7.9375],"tintindex":0,"rotation":0,"texture":"#3"},"north":{"uv":[0.75,10.75,1.09375,10.9375],"tintindex":0,"rotation":0,"texture":"#3"},"west":{"uv":[8.75,10.25,8.96875,10.59375],"tintindex":0,"rotation":0,"texture":"#3"},"up":{"uv":[1.9375,11.21875,1.75,11.0],"tintindex":0,"rotation":0,"texture":"#3"},"down":{"uv":[2.1875,11.0,2.0,11.21875],"tintindex":0,"rotation":0,"texture":"#3"}},"rotation":{"origin":[20.026789,29.692373,6.659677],"angle":-45.0,"axis":"z"}},{"from":[19.304832,28.89911,5.665969],"to":[20.629774,29.561575,6.460933],"faces":{"east":{"uv":[11.0,1.25,11.21875,1.4375],"tintindex":0,"rotation":0,"texture":"#3"},"south":{"uv":[10.5,7.75,10.84375,7.9375],"tintindex":0,"rotation":0,"texture":"#3"},"north":{"uv":[0.75,10.75,1.09375,10.9375],"tintindex":0,"rotation":0,"texture":"#3"},"west":{"uv":[9.25,4.25,9.46875,4.4375],"tintindex":0,"rotation":0,"texture":"#3"},"up":{"uv":[10.59375,9.71875,10.25,9.5],"tintindex":0,"rotation":0,"texture":"#3"},"down":{"uv":[10.59375,9.75,10.25,9.96875],"tintindex":0,"rotation":0,"texture":"#3"}}},{"from":[20.026789,27.818626,5.665969],"to":[20.689264,29.143568,6.460933],"faces":{"east":{"uv":[0.0,10.5,0.21875,10.84375],"tintindex":0,"rotation":0,"texture":"#3"},"south":{"uv":[1.25,10.75,1.59375,10.9375],"tintindex":0,"rotation":0,"texture":"#3"},"north":{"uv":[1.75,10.75,2.09375,10.9375],"tintindex":0,"rotation":0,"texture":"#3"},"west":{"uv":[0.25,10.5,0.46875,10.84375],"tintindex":0,"rotation":0,"texture":"#3"},"up":{"uv":[2.9375,11.21875,2.75,11.0],"tintindex":0,"rotation":0,"texture":"#3"},"down":{"uv":[3.1875,11.0,3.0,11.21875],"tintindex":0,"rotation":0,"texture":"#3"}}},{"from":[19.304832,28.89911,5.665969],"to":[19.897728,29.561575,6.460933],"faces":{"east":{"uv":[11.0,1.25,11.21875,1.4375],"tintindex":0,"rotation":0,"texture":"#3"},"south":{"uv":[10.5,7.75,10.84375,7.9375],"tintindex":0,"rotation":0,"texture":"#3"},"north":{"uv":[0.75,10.75,1.09375,10.9375],"tintindex":0,"rotation":0,"texture":"#3"},"west":{"uv":[9.25,4.25,9.46875,4.4375],"tintindex":0,"rotation":0,"texture":"#3"},"up":{"uv":[10.59375,9.71875,10.25,9.5],"tintindex":0,"rotation":0,"texture":"#3"},"down":{"uv":[10.59375,9.75,10.25,9.96875],"tintindex":0,"rotation":0,"texture":"#3"}}},{"from":[20.026789,29.317118,5.665969],"to":[20.689264,30.642057,6.460933],"faces":{"east":{"uv":[0.0,10.5,0.21875,10.84375],"tintindex":0,"rotation":0,"texture":"#3"},"south":{"uv":[1.25,10.75,1.59375,10.9375],"tintindex":0,"rotation":0,"texture":"#3"},"north":{"uv":[1.75,10.75,2.09375,10.9375],"tintindex":0,"rotation":0,"texture":"#3"},"west":{"uv":[0.25,10.5,0.46875,10.84375],"tintindex":0,"rotation":0,"texture":"#3"},"up":{"uv":[2.9375,11.21875,2.75,11.0],"tintindex":0,"rotation":0,"texture":"#3"},"down":{"uv":[3.1875,11.0,3.0,11.21875],"tintindex":0,"rotation":0,"texture":"#3"}}},{"from":[20.107159,28.848679,5.665969],"to":[21.4321,29.511156,6.460933],"faces":{"east":{"uv":[2.5,11.0,2.71875,11.1875],"tintindex":0,"rotation":0,"texture":"#3"},"south":{"uv":[1.25,10.75,1.59375,10.9375],"tintindex":0,"rotation":0,"texture":"#3"},"north":{"uv":[1.75,10.75,2.09375,10.9375],"tintindex":0,"rotation":0,"texture":"#3"},"west":{"uv":[2.25,11.0,2.46875,11.1875],"tintindex":0,"rotation":0,"texture":"#3"},"up":{"uv":[10.59375,10.21875,10.25,10.0],"tintindex":0,"rotation":0,"texture":"#3"},"down":{"uv":[10.59375,10.25,10.25,10.46875],"tintindex":0,"rotation":0,"texture":"#3"}},"rotation":{"origin":[21.4321,30.17362,6.527178],"angle":-45.0,"axis":"z"}},{"from":[18.950466,28.693241,5.665969],"to":[20.275406,29.355715,6.460933],"faces":{"east":{"uv":[11.0,1.25,11.21875,1.4375],"tintindex":0,"rotation":0,"texture":"#3"},"south":{"uv":[10.5,7.75,10.84375,7.9375],"tintindex":0,"rotation":0,"texture":"#3"},"north":{"uv":[0.75,10.75,1.09375,10.9375],"tintindex":0,"rotation":0,"texture":"#3"},"west":{"uv":[9.25,4.25,9.46875,4.4375],"tintindex":0,"rotation":0,"texture":"#3"},"up":{"uv":[10.59375,9.71875,10.25,9.5],"tintindex":0,"rotation":0,"texture":"#3"},"down":{"uv":[10.59375,9.75,10.25,9.96875],"tintindex":0,"rotation":0,"texture":"#3"}},"rotation":{"origin":[20.275406,30.018183,6.659677],"angle":22.5,"axis":"z"}}],"display":{"gui":{"rotation":[30,225,0]}}}