{"textures":{"0":"modelengine:entity/spirit_horse"},"elements":[{"from":[6.3775,7.9040184,8.359106],"to":[9.622499,15.604015,12.759107],"faces":{"east":{"uv":[11.625,11.125,11.125,12.0],"tintindex":0,"rotation":0,"texture":"#0"},"south":{"uv":[9.125,11.625,9.5,12.5],"tintindex":0,"rotation":0,"texture":"#0"},"north":{"uv":[2.625,8.5,3.0,9.375],"tintindex":0,"rotation":0,"texture":"#0"},"west":{"uv":[11.125,11.125,11.625,12.0],"tintindex":0,"rotation":0,"texture":"#0"},"up":{"uv":[2.125,12.875,1.75,12.375],"tintindex":0,"rotation":0,"texture":"#0"},"down":{"uv":[2.625,12.375,2.25,12.875],"tintindex":0,"rotation":0,"texture":"#0"}},"rotation":{"origin":[8.0,11.754017,10.559107],"angle":-22.5,"axis":"x"}},{"from":[2.7942085,12.232937,5.172411],"to":[6.0942082,16.632938,6.2724113],"faces":{"east":{"uv":[2.75,4.5,2.875,5.0],"tintindex":0,"rotation":0,"texture":"#0"},"south":{"uv":[0.0,12.5,0.375,13.0],"tintindex":0,"rotation":0,"texture":"#0"},"north":{"uv":[7.875,12.375,8.25,12.875],"tintindex":0,"rotation":0,"texture":"#0"},"west":{"uv":[2.75,5.125,2.875,5.625],"tintindex":0,"rotation":0,"texture":"#0"},"up":{"uv":[3.625,2.875,3.25,2.75],"tintindex":0,"rotation":0,"texture":"#0"},"down":{"uv":[4.125,2.75,3.75,2.875],"tintindex":0,"rotation":0,"texture":"#0"}},"rotation":{"origin":[4.444208,14.432938,5.722412],"angle":22.5,"axis":"z"}},{"from":[9.905791,12.232937,5.172411],"to":[13.205791,16.632938,6.2724113],"faces":{"east":{"uv":[2.875,5.125,2.75,5.625],"tintindex":0,"rotation":0,"texture":"#0"},"south":{"uv":[0.375,12.5,0.0,13.0],"tintindex":0,"rotation":0,"texture":"#0"},"north":{"uv":[8.25,12.375,7.875,12.875],"tintindex":0,"rotation":0,"texture":"#0"},"west":{"uv":[2.875,4.5,2.75,5.0],"tintindex":0,"rotation":0,"texture":"#0"},"up":{"uv":[3.25,2.875,3.625,2.75],"tintindex":0,"rotation":0,"texture":"#0"},"down":{"uv":[3.75,2.75,4.125,2.875],"tintindex":0,"rotation":0,"texture":"#0"}},"rotation":{"origin":[11.555792,14.432938,5.722412],"angle":-22.5,"axis":"z"}},{"from":[6.35,14.09111,0.75320244],"to":[9.65,18.491108,10.653204],"faces":{"east":{"uv":[11.5,7.75,10.375,8.25],"tintindex":0,"rotation":0,"texture":"#0"},"south":{"uv":[12.25,12.125,12.625,12.625],"tintindex":0,"rotation":0,"texture":"#0"},"north":{"uv":[9.625,12.25,10.0,12.75],"tintindex":0,"rotation":0,"texture":"#0"},"west":{"uv":[10.375,7.75,11.5,8.25],"tintindex":0,"rotation":0,"texture":"#0"},"up":{"uv":[11.625,9.5,11.25,8.375],"tintindex":0,"rotation":0,"texture":"#0"},"down":{"uv":[11.625,9.625,11.25,10.75],"tintindex":0,"rotation":0,"texture":"#0"}},"rotation":{"origin":[8.0,16.291107,5.703203],"angle":-22.5,"axis":"x"}},{"from":[3.6,5.3783054,0.061502457],"to":[12.4,13.078304,8.861502],"faces":{"east":{"uv":[7.375,0.0,8.375,0.875],"tintindex":0,"rotation":0,"texture":"#0"},"south":{"uv":[5.125,7.25,6.125,8.125],"tintindex":0,"rotation":0,"texture":"#0"},"north":{"uv":[5.125,7.25,6.125,8.125],"tintindex":0,"rotation":0,"texture":"#0"},"west":{"uv":[6.25,7.5,7.25,8.375],"tintindex":0,"rotation":0,"texture":"#0"},"up":{"uv":[7.875,7.375,6.875,6.375],"tintindex":0,"rotation":0,"texture":"#0"},"down":{"uv":[7.875,7.375,6.875,6.375],"tintindex":0,"rotation":0,"texture":"#0"}},"rotation":{"origin":[8.0,9.228306,4.461502],"angle":-22.5,"axis":"x"}},{"from":[4.7,2.0356922,-6.818638],"to":[11.3,8.735691,1.9813614],"faces":{"east":{"uv":[9.0,5.0,8.0,5.75],"tintindex":0,"rotation":0,"texture":"#0"},"south":{"uv":[9.125,5.0,9.875,5.875],"tintindex":0,"rotation":0,"texture":"#0"},"north":{"uv":[9.125,5.0,9.875,5.75],"tintindex":0,"rotation":0,"texture":"#0"},"west":{"uv":[8.0,5.0,9.0,5.75],"tintindex":0,"rotation":0,"texture":"#0"},"up":{"uv":[9.375,9.5,8.625,8.5],"tintindex":0,"rotation":0,"texture":"#0"},"down":{"uv":[9.375,9.5,8.625,8.5],"tintindex":0,"rotation":0,"texture":"#0"}},"rotation":{"origin":[8.0,5.860691,-3.6686382],"angle":-22.5,"axis":"x"}}],"display":{"gui":{"rotation":[30,225,0]}}}