{"textures":{"0":"modelengine:entity/ps_ec_soul_demonic_vfx_1"},"elements":[{"from":[8.0,8.02,-1.1999998],"to":[8.0,27.22,18.0],"faces":{"east":{"uv":[8.615385,8.615385,9.846154,9.846154],"tintindex":0,"rotation":0,"texture":"#0"},"west":{"uv":[0.0,9.846154,1.2307693,11.076923],"tintindex":0,"rotation":0,"texture":"#0"}},"rotation":{"origin":[8.0,17.619999,8.4],"angle":45.0,"axis":"y"}},{"from":[8.0,8.02,-1.1999998],"to":[8.0,27.22,18.0],"faces":{"east":{"uv":[7.3846154,8.615385,8.615385,9.846154],"tintindex":0,"rotation":0,"texture":"#0"},"west":{"uv":[8.615385,7.3846154,9.846154,8.615385],"tintindex":0,"rotation":0,"texture":"#0"}},"rotation":{"origin":[8.0,17.619999,8.4],"angle":-45.0,"axis":"y"}},{"from":[-1.6000004,8.02,-1.1999998],"to":[17.6,8.02,18.0],"faces":{"up":{"uv":[9.846154,7.3846154,8.615385,6.1538463],"tintindex":0,"rotation":0,"texture":"#0"}}}],"display":{"gui":{"rotation":[30,225,0]}}}