{"textures":{"0":"modelengine:entity/ps_ec_soul_demonic_vfx_1"},"elements":[{"from":[8.0,8.0,-9.666668],"to":[8.0,24.0,6.333333],"faces":{"east":{"uv":[15.384616,4.3076925,16.0,4.923077],"tintindex":0,"rotation":0,"texture":"#0"},"west":{"uv":[4.923077,15.384616,5.5384617,16.0],"tintindex":0,"rotation":0,"texture":"#0"}},"rotation":{"origin":[8.0,8.0,6.333333],"angle":-22.5,"axis":"y"}},{"from":[8.0,8.0,-9.666668],"to":[8.0,24.0,6.333333],"faces":{"east":{"uv":[15.384616,4.923077,16.0,5.5384617],"tintindex":0,"rotation":0,"texture":"#0"},"west":{"uv":[5.5384617,15.384616,6.1538463,16.0],"tintindex":0,"rotation":0,"texture":"#0"}},"rotation":{"origin":[8.0,8.0,6.333333],"angle":22.5,"axis":"y"}},{"from":[0.0,8.0,-2.666667],"to":[16.0,8.0,13.333334],"faces":{"up":{"uv":[14.153847,15.384616,13.538462,14.769231],"tintindex":0,"rotation":0,"texture":"#0"}},"rotation":{"origin":[8.0,8.0,5.333333],"angle":-45.0,"axis":"y"}}],"display":{"gui":{"rotation":[30,225,0]}}}