{"textures":{"0":"modelengine:entity/ps_ec_soul_demonic_vfx_1"},"elements":[{"from":[8.0,8.0,-9.666668],"to":[8.0,24.0,6.333333],"faces":{"east":{"uv":[15.384616,6.1538463,16.0,6.769231],"tintindex":0,"rotation":0,"texture":"#0"},"west":{"uv":[6.769231,15.384616,7.3846154,16.0],"tintindex":0,"rotation":0,"texture":"#0"}},"rotation":{"origin":[8.0,8.0,6.333333],"angle":22.5,"axis":"y"}},{"from":[0.0,8.0,-2.666667],"to":[16.0,8.0,13.333334],"faces":{"up":{"uv":[15.384616,14.153847,14.769231,13.538462],"tintindex":0,"rotation":0,"texture":"#0"}},"rotation":{"origin":[8.0,8.0,5.333333],"angle":-45.0,"axis":"y"}},{"from":[8.0,8.0,-9.666668],"to":[8.0,24.0,6.333333],"faces":{"east":{"uv":[15.384616,5.5384617,16.0,6.1538463],"tintindex":0,"rotation":0,"texture":"#0"},"west":{"uv":[6.1538463,15.384616,6.769231,16.0],"tintindex":0,"rotation":0,"texture":"#0"}},"rotation":{"origin":[8.0,8.0,6.333333],"angle":-22.5,"axis":"y"}}],"display":{"gui":{"rotation":[30,225,0]}}}