{"textures":{"0":"modelengine:entity/ps_ec_soul_demonic_vfx_1"},"elements":[{"from":[0.0,8.0,-2.666667],"to":[16.0,8.0,13.333334],"faces":{"up":{"uv":[13.538462,15.384616,12.923077,14.769231],"tintindex":0,"rotation":0,"texture":"#0"}},"rotation":{"origin":[8.0,8.0,5.333333],"angle":-45.0,"axis":"y"}},{"from":[8.0,8.0,-9.666668],"to":[8.0,24.0,6.333333],"faces":{"east":{"uv":[15.384616,2.4615386,16.0,3.0769231],"tintindex":0,"rotation":0,"texture":"#0"},"west":{"uv":[3.0769231,15.384616,3.6923077,16.0],"tintindex":0,"rotation":0,"texture":"#0"}},"rotation":{"origin":[8.0,8.0,6.333333],"angle":22.5,"axis":"y"}},{"from":[8.0,8.0,-9.666668],"to":[8.0,24.0,6.333333],"faces":{"east":{"uv":[15.384616,1.8461539,16.0,2.4615386],"tintindex":0,"rotation":0,"texture":"#0"},"west":{"uv":[2.4615386,15.384616,3.0769231,16.0],"tintindex":0,"rotation":0,"texture":"#0"}},"rotation":{"origin":[8.0,8.0,6.333333],"angle":-22.5,"axis":"y"}}],"display":{"gui":{"rotation":[30,225,0]}}}