{"textures":{"0":"modelengine:entity/phoenix"},"elements":[{"from":[5.714286,5.714286,3.0],"to":[10.285714,10.285714,8.142858],"rotation":{"angle":0.0,"axis":"y","origin":[8.0,8.0,5.5714283]},"faces":{"east":{"uv":[3.0625,5.625,3.625,6.125],"rotation":0,"texture":"#0","tintindex":0},"south":{"uv":[5.4375,5.8125,5.9375,6.3125],"rotation":0,"texture":"#0","tintindex":0},"north":{"uv":[4.875,5.8125,5.375,6.3125],"rotation":0,"texture":"#0","tintindex":0},"west":{"uv":[5.6875,0.625,6.25,1.125],"rotation":0,"texture":"#0","tintindex":0},"up":{"uv":[6.1875,1.75,5.6875,1.1875],"rotation":0,"texture":"#0","tintindex":0},"down":{"uv":[4.1875,5.75,3.6875,6.3125],"rotation":0,"texture":"#0","tintindex":0}}},{"from":[4.285714,2.844195,12.636027],"to":[7.714286,6.2727666,12.636027],"rotation":{"angle":-45.0,"axis":"x","origin":[6.0,4.6870522,13.09317]},"faces":{"east":{"uv":[6.0,7.3125,6.0,7.6875],"rotation":0,"texture":"#0","tintindex":0},"south":{"uv":[6.6875,2.6875,6.3125,3.0625],"rotation":0,"texture":"#0","tintindex":0},"north":{"uv":[6.3125,2.6875,6.6875,3.0625],"rotation":0,"texture":"#0","tintindex":0},"west":{"uv":[6.0625,7.3125,6.0625,7.6875],"rotation":0,"texture":"#0","tintindex":0},"up":{"uv":[7.75,2.125,7.375,2.125],"rotation":0,"texture":"#0","tintindex":0},"down":{"uv":[7.75,2.1875,7.375,2.1875],"rotation":0,"texture":"#0","tintindex":0}}},{"from":[5.428571,5.917775,9.430081],"to":[6.5714283,5.917775,11.7157955],"rotation":{"angle":22.5,"axis":"x","origin":[6.0,5.917775,10.572939]},"faces":{"east":{"uv":[4.5625,1.9375,4.8125,1.9375],"rotation":0,"texture":"#0","tintindex":0},"south":{"uv":[4.0625,6.75,4.1875,6.75],"rotation":0,"texture":"#0","tintindex":0},"north":{"uv":[4.0,3.6875,4.125,3.6875],"rotation":0,"texture":"#0","tintindex":0},"west":{"uv":[5.0625,7.3125,5.3125,7.3125],"rotation":0,"texture":"#0","tintindex":0},"up":{"uv":[4.0625,7.25,3.9375,7.0],"rotation":0,"texture":"#0","tintindex":0},"down":{"uv":[4.0625,7.0,3.9375,7.25],"rotation":0,"texture":"#0","tintindex":0}}},{"from":[5.142857,5.9457626,6.7481775],"to":[6.857143,7.660049,9.60532],"rotation":{"angle":22.5,"axis":"x","origin":[6.0,6.802906,8.176749]},"faces":{"east":{"uv":[1.4375,6.4375,1.75,6.625],"rotation":0,"texture":"#0","tintindex":0},"south":{"uv":[3.6875,7.0,3.875,7.1875],"rotation":0,"texture":"#0","tintindex":0},"north":{"uv":[7.0,3.5,7.1875,3.6875],"rotation":0,"texture":"#0","tintindex":0},"west":{"uv":[6.75,3.25,7.0625,3.4375],"rotation":0,"texture":"#0","tintindex":0},"up":{"uv":[6.9375,3.8125,6.75,3.5],"rotation":0,"texture":"#0","tintindex":0},"down":{"uv":[6.9375,3.875,6.75,4.1875],"rotation":0,"texture":"#0","tintindex":0}}},{"from":[8.285714,2.844195,12.636027],"to":[11.714286,6.2727666,12.636027],"rotation":{"angle":-45.0,"axis":"x","origin":[10.0,4.6870522,13.09317]},"faces":{"east":{"uv":[6.0625,7.3125,6.0625,7.6875],"rotation":0,"texture":"#0","tintindex":0},"south":{"uv":[6.3125,2.6875,6.6875,3.0625],"rotation":0,"texture":"#0","tintindex":0},"north":{"uv":[6.6875,2.6875,6.3125,3.0625],"rotation":0,"texture":"#0","tintindex":0},"west":{"uv":[6.0,7.3125,6.0,7.6875],"rotation":0,"texture":"#0","tintindex":0},"up":{"uv":[7.375,2.125,7.75,2.125],"rotation":0,"texture":"#0","tintindex":0},"down":{"uv":[7.375,2.1875,7.75,2.1875],"rotation":0,"texture":"#0","tintindex":0}}},{"from":[9.428572,5.917775,9.430081],"to":[10.571428,5.917775,11.7157955],"rotation":{"angle":22.5,"axis":"x","origin":[10.0,5.917775,10.572939]},"faces":{"east":{"uv":[5.3125,7.3125,5.0625,7.3125],"rotation":0,"texture":"#0","tintindex":0},"south":{"uv":[4.1875,6.75,4.0625,6.75],"rotation":0,"texture":"#0","tintindex":0},"north":{"uv":[4.125,3.6875,4.0,3.6875],"rotation":0,"texture":"#0","tintindex":0},"west":{"uv":[4.8125,1.9375,4.5625,1.9375],"rotation":0,"texture":"#0","tintindex":0},"up":{"uv":[3.9375,7.25,4.0625,7.0],"rotation":0,"texture":"#0","tintindex":0},"down":{"uv":[3.9375,7.0,4.0625,7.25],"rotation":0,"texture":"#0","tintindex":0}}},{"from":[9.142858,5.9457626,6.7481775],"to":[10.857143,7.660049,9.60532],"rotation":{"angle":22.5,"axis":"x","origin":[10.0,6.802906,8.176749]},"faces":{"east":{"uv":[7.0625,3.25,6.75,3.4375],"rotation":0,"texture":"#0","tintindex":0},"south":{"uv":[3.875,7.0,3.6875,7.1875],"rotation":0,"texture":"#0","tintindex":0},"north":{"uv":[7.1875,3.5,7.0,3.6875],"rotation":0,"texture":"#0","tintindex":0},"west":{"uv":[1.75,6.4375,1.4375,6.625],"rotation":0,"texture":"#0","tintindex":0},"up":{"uv":[6.75,3.8125,6.9375,3.5],"rotation":0,"texture":"#0","tintindex":0},"down":{"uv":[6.75,3.875,6.9375,4.1875],"rotation":0,"texture":"#0","tintindex":0}}}],"display":{"head":{"translation":[0.0,-6.4,0.0],"scale":[4.0,4.0,4.0]}}}