{"textures":{"0":"modelengine:entity/phoenix"},"elements":[{"from":[6.5714283,6.7061677,4.5883913],"to":[9.428572,9.563311,8.016963],"rotation":{"angle":0.0,"axis":"y","origin":[8.0,8.134739,6.302677]},"faces":{"east":{"uv":[6.6875,6.3125,6.3125,6.625],"rotation":0,"texture":"#0","tintindex":0},"south":{"uv":[5.625,6.375,5.9375,6.6875],"rotation":0,"texture":"#0","tintindex":0},"north":{"uv":[5.25,6.375,5.5625,6.6875],"rotation":0,"texture":"#0","tintindex":0},"west":{"uv":[6.3125,6.3125,6.6875,6.625],"rotation":0,"texture":"#0","tintindex":0},"up":{"uv":[4.0,6.75,3.6875,6.375],"rotation":0,"texture":"#0","tintindex":0},"down":{"uv":[5.1875,6.375,4.875,6.75],"rotation":0,"texture":"#0","tintindex":0}}},{"from":[7.428571,7.277596,2.8741055],"to":[8.571428,8.420453,4.5883913],"rotation":{"angle":0.0,"axis":"y","origin":[8.0,7.849025,3.7312484]},"faces":{"east":{"uv":[7.0,6.5,7.1875,6.625],"rotation":0,"texture":"#0","tintindex":0},"south":{"uv":[7.125,3.125,7.25,3.25],"rotation":0,"texture":"#0","tintindex":0},"north":{"uv":[3.0625,7.125,3.1875,7.25],"rotation":0,"texture":"#0","tintindex":0},"west":{"uv":[7.0625,2.9375,7.25,3.0625],"rotation":0,"texture":"#0","tintindex":0},"up":{"uv":[6.125,7.25,6.0,7.0625],"rotation":0,"texture":"#0","tintindex":0},"down":{"uv":[6.3125,7.0625,6.1875,7.25],"rotation":0,"texture":"#0","tintindex":0}}},{"from":[8.0,9.563311,4.5883913],"to":[8.0,14.706167,14.874105],"rotation":{"angle":0.0,"axis":"y","origin":[8.0,12.134739,9.731249]},"faces":{"east":{"uv":[1.875,5.625,3.0,6.1875],"rotation":0,"texture":"#0","tintindex":0},"south":{"uv":[6.8125,7.25,6.8125,7.8125],"rotation":0,"texture":"#0","tintindex":0},"north":{"uv":[6.75,7.25,6.75,7.8125],"rotation":0,"texture":"#0","tintindex":0},"west":{"uv":[5.6875,0.0,6.8125,0.5625],"rotation":0,"texture":"#0","tintindex":0},"up":{"uv":[4.0,8.4375,4.0,7.3125],"rotation":0,"texture":"#0","tintindex":0},"down":{"uv":[4.0625,7.3125,4.0625,8.4375],"rotation":0,"texture":"#0","tintindex":0}}},{"from":[7.4357142,7.6282554,3.3473678],"to":[8.564285,8.771112,5.061653],"rotation":{"angle":-22.5,"axis":"x","origin":[8.0,8.199684,4.2045107]},"faces":{"east":{"uv":[6.375,7.0625,6.5625,7.1875],"rotation":0,"texture":"#0","tintindex":0},"south":{"uv":[7.3125,2.9375,7.4375,3.0625],"rotation":0,"texture":"#0","tintindex":0},"north":{"uv":[2.25,7.3125,2.375,7.4375],"rotation":0,"texture":"#0","tintindex":0},"west":{"uv":[6.625,7.0625,6.8125,7.1875],"rotation":0,"texture":"#0","tintindex":0},"up":{"uv":[7.0,7.25,6.875,7.0625],"rotation":0,"texture":"#0","tintindex":0},"down":{"uv":[7.1875,7.0625,7.0625,7.25],"rotation":0,"texture":"#0","tintindex":0}}},{"from":[7.428571,6.134739,2.3026767],"to":[8.571428,8.420453,2.8741055],"rotation":{"angle":0.0,"axis":"y","origin":[8.0,7.277596,2.5883913]},"faces":{"east":{"uv":[2.9375,6.25,3.0,6.5],"rotation":0,"texture":"#0","tintindex":0},"south":{"uv":[2.625,7.0625,2.75,7.3125],"rotation":0,"texture":"#0","tintindex":0},"north":{"uv":[2.4375,7.0625,2.5625,7.3125],"rotation":0,"texture":"#0","tintindex":0},"west":{"uv":[2.9375,6.5625,3.0,6.8125],"rotation":0,"texture":"#0","tintindex":0},"up":{"uv":[3.9375,7.375,3.8125,7.3125],"rotation":0,"texture":"#0","tintindex":0},"down":{"uv":[4.625,7.3125,4.5,7.375],"rotation":0,"texture":"#0","tintindex":0}}},{"from":[5.3264093,6.7061677,7.7124805],"to":[5.3264093,13.563311,15.712481],"rotation":{"angle":-22.5,"axis":"y","origin":[5.3264093,10.134739,11.712481]},"faces":{"east":{"uv":[1.8125,5.625,0.9375,6.375],"rotation":0,"texture":"#0","tintindex":0},"south":{"uv":[2.0,7.0625,2.0,7.8125],"rotation":0,"texture":"#0","tintindex":0},"north":{"uv":[1.9375,7.0625,1.9375,7.8125],"rotation":0,"texture":"#0","tintindex":0},"west":{"uv":[0.9375,5.625,1.8125,6.375],"rotation":0,"texture":"#0","tintindex":0},"up":{"uv":[1.5,8.0625,1.5,7.1875],"rotation":0,"texture":"#0","tintindex":0},"down":{"uv":[5.9375,7.1875,5.9375,8.0625],"rotation":0,"texture":"#0","tintindex":0}}},{"from":[10.673591,6.7061677,7.7124805],"to":[10.673591,13.563311,15.712481],"rotation":{"angle":22.5,"axis":"y","origin":[10.673591,10.134739,11.712481]},"faces":{"east":{"uv":[1.8125,5.625,0.9375,6.375],"rotation":0,"texture":"#0","tintindex":0},"south":{"uv":[2.0,7.0625,2.0,7.8125],"rotation":0,"texture":"#0","tintindex":0},"north":{"uv":[1.9375,7.0625,1.9375,7.8125],"rotation":0,"texture":"#0","tintindex":0},"west":{"uv":[0.9375,5.625,1.8125,6.375],"rotation":0,"texture":"#0","tintindex":0},"up":{"uv":[1.5,8.0625,1.5,7.1875],"rotation":0,"texture":"#0","tintindex":0},"down":{"uv":[5.9375,7.1875,5.9375,8.0625],"rotation":0,"texture":"#0","tintindex":0}}}],"display":{"head":{"translation":[0.0,-6.4,0.0],"scale":[4.0,4.0,4.0]}}}