{"textures":{"0":"modelengine:entity/phoenix"},"elements":[{"from":[2.8094082,7.4309525,2.806538],"to":[3.9522657,8.57381,5.6636806],"rotation":{"angle":22.5,"axis":"y","origin":[3.380837,8.002381,4.2351093]},"faces":{"east":{"uv":[4.875,6.8125,5.1875,6.9375],"rotation":0,"texture":"#0","tintindex":0},"south":{"uv":[7.25,3.625,7.375,3.75],"rotation":0,"texture":"#0","tintindex":0},"north":{"uv":[3.625,7.25,3.75,7.375],"rotation":0,"texture":"#0","tintindex":0},"west":{"uv":[0.4375,7.0,0.75,7.125],"rotation":0,"texture":"#0","tintindex":0},"up":{"uv":[4.1875,6.6875,4.0625,6.375],"rotation":0,"texture":"#0","tintindex":0},"down":{"uv":[3.0,6.875,2.875,7.1875],"rotation":0,"texture":"#0","tintindex":0}}},{"from":[3.3620777,8.002381,2.6966047],"to":[8.504935,8.002381,19.268034],"rotation":{"angle":0.0,"axis":"y","origin":[5.933506,8.002381,10.98232]},"faces":{"east":{"uv":[7.3125,6.4375,9.125,6.4375],"rotation":0,"texture":"#0","tintindex":0},"south":{"uv":[7.3125,6.875,7.875,6.875],"rotation":0,"texture":"#0","tintindex":0},"north":{"uv":[7.3125,6.375,7.875,6.375],"rotation":0,"texture":"#0","tintindex":0},"west":{"uv":[7.3125,6.9375,9.125,6.9375],"rotation":0,"texture":"#0","tintindex":0},"up":{"uv":[1.8125,5.5625,1.25,3.75],"rotation":0,"texture":"#0","tintindex":0},"down":{"uv":[1.8125,3.75,1.25,5.5625],"rotation":0,"texture":"#0","tintindex":0}}},{"from":[3.4689226,7.445238,5.606246],"to":[5.754637,8.5452385,6.749103],"rotation":{"angle":-45.0,"axis":"y","origin":[4.6117797,7.9952383,6.1776743]},"faces":{"east":{"uv":[3.4375,7.25,3.5625,7.375],"rotation":0,"texture":"#0","tintindex":0},"south":{"uv":[4.75,7.0,5.0,7.125],"rotation":0,"texture":"#0","tintindex":0},"north":{"uv":[6.0,6.5,6.25,6.625],"rotation":0,"texture":"#0","tintindex":0},"west":{"uv":[7.25,3.4375,7.375,3.5625],"rotation":0,"texture":"#0","tintindex":0},"up":{"uv":[5.3125,7.125,5.0625,7.0],"rotation":0,"texture":"#0","tintindex":0},"down":{"uv":[5.625,7.0,5.375,7.125],"rotation":0,"texture":"#0","tintindex":0}}},{"from":[5.104025,7.4309525,6.9465265],"to":[8.532597,8.57381,8.089384],"rotation":{"angle":-22.5,"axis":"y","origin":[6.8183107,8.002381,7.5179553]},"faces":{"east":{"uv":[2.8125,7.25,2.9375,7.375],"rotation":0,"texture":"#0","tintindex":0},"south":{"uv":[1.625,6.875,2.0,7.0],"rotation":0,"texture":"#0","tintindex":0},"north":{"uv":[3.6875,6.8125,4.0625,6.9375],"rotation":0,"texture":"#0","tintindex":0},"west":{"uv":[3.25,7.25,3.375,7.375],"rotation":0,"texture":"#0","tintindex":0},"up":{"uv":[2.8125,7.0,2.4375,6.875],"rotation":0,"texture":"#0","tintindex":0},"down":{"uv":[6.375,6.875,6.0,7.0],"rotation":0,"texture":"#0","tintindex":0}}}],"display":{"head":{"translation":[0.0,-6.4,0.0],"scale":[4.0,4.0,4.0]}}}