{"textures":{"0":"modelengine:entity/phoenix"},"elements":[{"from":[6.7408266,7.4309525,4.223061],"to":[12.455112,8.57381,5.365918],"rotation":{"angle":-45.0,"axis":"y","origin":[9.59797,8.002381,4.79449]},"faces":{"east":{"uv":[5.5,7.1875,5.375,7.3125],"rotation":0,"texture":"#0","tintindex":0},"south":{"uv":[1.375,6.625,0.75,6.75],"rotation":0,"texture":"#0","tintindex":0},"north":{"uv":[1.375,6.4375,0.75,6.5625],"rotation":0,"texture":"#0","tintindex":0},"west":{"uv":[1.4375,7.1875,1.3125,7.3125],"rotation":0,"texture":"#0","tintindex":0},"up":{"uv":[1.4375,6.8125,2.0625,6.6875],"rotation":0,"texture":"#0","tintindex":0},"down":{"uv":[6.0,6.6875,6.625,6.8125],"rotation":0,"texture":"#0","tintindex":0}}},{"from":[11.063162,7.445238,7.978244],"to":[20.777447,8.5452385,9.121101],"rotation":{"angle":-22.5,"axis":"y","origin":[15.920305,7.9952383,8.549673]},"faces":{"east":{"uv":[7.375,4.0,7.25,4.125],"rotation":0,"texture":"#0","tintindex":0},"south":{"uv":[7.375,4.625,6.3125,4.75],"rotation":0,"texture":"#0","tintindex":0},"north":{"uv":[7.375,4.4375,6.3125,4.5625],"rotation":0,"texture":"#0","tintindex":0},"west":{"uv":[7.375,3.8125,7.25,3.9375],"rotation":0,"texture":"#0","tintindex":0},"up":{"uv":[6.3125,4.9375,7.375,4.8125],"rotation":0,"texture":"#0","tintindex":0},"down":{"uv":[6.3125,5.0,7.375,5.125],"rotation":0,"texture":"#0","tintindex":0}}},{"from":[7.9817257,8.002381,2.3701234],"to":[22.83887,8.002381,18.941553],"rotation":{"angle":0.0,"axis":"y","origin":[15.410297,8.002381,10.655838]},"faces":{"east":{"uv":[9.125,6.3125,7.3125,6.3125],"rotation":0,"texture":"#0","tintindex":0},"south":{"uv":[8.9375,6.25,7.3125,6.25],"rotation":0,"texture":"#0","tintindex":0},"north":{"uv":[8.9375,6.125,7.3125,6.125],"rotation":0,"texture":"#0","tintindex":0},"west":{"uv":[9.125,6.1875,7.3125,6.1875],"rotation":0,"texture":"#0","tintindex":0},"up":{"uv":[0.0,1.8125,1.625,0.0],"rotation":0,"texture":"#0","tintindex":0},"down":{"uv":[0.0,0.0,1.625,1.8125],"rotation":0,"texture":"#0","tintindex":0}}}],"display":{"head":{"translation":[0.0,-6.4,0.0],"scale":[4.0,4.0,4.0]}}}