{"textures":{"0":"modelengine:entity/phoenix"},"elements":[{"from":[7.989035,7.445714,2.850645],"to":[13.131893,8.545714,3.9935026],"rotation":{"angle":0.0,"axis":"y","origin":[10.560464,7.995714,3.4220738]},"faces":{"east":{"uv":[5.875,7.1875,5.75,7.3125],"rotation":0,"texture":"#0","tintindex":0},"south":{"uv":[7.3125,1.625,6.75,1.75],"rotation":0,"texture":"#0","tintindex":0},"north":{"uv":[7.3125,1.0,6.75,1.125],"rotation":0,"texture":"#0","tintindex":0},"west":{"uv":[5.6875,7.1875,5.5625,7.3125],"rotation":0,"texture":"#0","tintindex":0},"up":{"uv":[6.75,1.9375,7.3125,1.8125],"rotation":0,"texture":"#0","tintindex":0},"down":{"uv":[6.75,2.0,7.3125,2.125],"rotation":0,"texture":"#0","tintindex":0}}},{"from":[7.989035,8.002857,2.850645],"to":[13.131893,8.002857,19.422075],"rotation":{"angle":0.0,"axis":"y","origin":[10.560464,8.002857,11.13636]},"faces":{"east":{"uv":[9.125,6.0625,7.3125,6.0625],"rotation":0,"texture":"#0","tintindex":0},"south":{"uv":[7.875,6.0,7.3125,6.0],"rotation":0,"texture":"#0","tintindex":0},"north":{"uv":[7.875,3.25,7.3125,3.25],"rotation":0,"texture":"#0","tintindex":0},"west":{"uv":[9.125,5.9375,7.3125,5.9375],"rotation":0,"texture":"#0","tintindex":0},"up":{"uv":[0.0,5.5625,0.5625,3.75],"rotation":0,"texture":"#0","tintindex":0},"down":{"uv":[0.0,3.75,0.5625,5.5625],"rotation":0,"texture":"#0","tintindex":0}}}],"display":{"head":{"translation":[0.0,-6.4,0.0],"scale":[4.0,4.0,4.0]}}}