{"textures":{"0":"modelengine:entity/phoenix"},"elements":[{"from":[12.047734,7.4309525,2.806538],"to":[13.190592,8.57381,5.6636806],"rotation":{"angle":-22.5,"axis":"y","origin":[12.6191635,8.002381,4.2351093]},"faces":{"east":{"uv":[0.75,7.0,0.4375,7.125],"rotation":0,"texture":"#0","tintindex":0},"south":{"uv":[7.375,3.625,7.25,3.75],"rotation":0,"texture":"#0","tintindex":0},"north":{"uv":[3.75,7.25,3.625,7.375],"rotation":0,"texture":"#0","tintindex":0},"west":{"uv":[5.1875,6.8125,4.875,6.9375],"rotation":0,"texture":"#0","tintindex":0},"up":{"uv":[4.0625,6.6875,4.1875,6.375],"rotation":0,"texture":"#0","tintindex":0},"down":{"uv":[2.875,6.875,3.0,7.1875],"rotation":0,"texture":"#0","tintindex":0}}},{"from":[7.4950647,8.002381,2.6966047],"to":[12.637922,8.002381,19.268034],"rotation":{"angle":0.0,"axis":"y","origin":[10.066494,8.002381,10.98232]},"faces":{"east":{"uv":[9.125,6.9375,7.3125,6.9375],"rotation":0,"texture":"#0","tintindex":0},"south":{"uv":[7.875,6.875,7.3125,6.875],"rotation":0,"texture":"#0","tintindex":0},"north":{"uv":[7.875,6.375,7.3125,6.375],"rotation":0,"texture":"#0","tintindex":0},"west":{"uv":[9.125,6.4375,7.3125,6.4375],"rotation":0,"texture":"#0","tintindex":0},"up":{"uv":[1.25,5.5625,1.8125,3.75],"rotation":0,"texture":"#0","tintindex":0},"down":{"uv":[1.25,3.75,1.8125,5.5625],"rotation":0,"texture":"#0","tintindex":0}}},{"from":[10.245363,7.445238,5.606246],"to":[12.531077,8.5452385,6.749103],"rotation":{"angle":45.0,"axis":"y","origin":[11.38822,7.9952383,6.1776743]},"faces":{"east":{"uv":[7.375,3.4375,7.25,3.5625],"rotation":0,"texture":"#0","tintindex":0},"south":{"uv":[5.0,7.0,4.75,7.125],"rotation":0,"texture":"#0","tintindex":0},"north":{"uv":[6.25,6.5,6.0,6.625],"rotation":0,"texture":"#0","tintindex":0},"west":{"uv":[3.5625,7.25,3.4375,7.375],"rotation":0,"texture":"#0","tintindex":0},"up":{"uv":[5.0625,7.125,5.3125,7.0],"rotation":0,"texture":"#0","tintindex":0},"down":{"uv":[5.375,7.0,5.625,7.125],"rotation":0,"texture":"#0","tintindex":0}}},{"from":[7.467404,7.4309525,6.9465265],"to":[10.895975,8.57381,8.089384],"rotation":{"angle":22.5,"axis":"y","origin":[9.181689,8.002381,7.5179553]},"faces":{"east":{"uv":[3.375,7.25,3.25,7.375],"rotation":0,"texture":"#0","tintindex":0},"south":{"uv":[2.0,6.875,1.625,7.0],"rotation":0,"texture":"#0","tintindex":0},"north":{"uv":[4.0625,6.8125,3.6875,6.9375],"rotation":0,"texture":"#0","tintindex":0},"west":{"uv":[2.9375,7.25,2.8125,7.375],"rotation":0,"texture":"#0","tintindex":0},"up":{"uv":[2.4375,7.0,2.8125,6.875],"rotation":0,"texture":"#0","tintindex":0},"down":{"uv":[6.0,6.875,6.375,7.0],"rotation":0,"texture":"#0","tintindex":0}}}],"display":{"head":{"translation":[0.0,-6.4,0.0],"scale":[4.0,4.0,4.0]}}}