{"textures":{"0":"modelengine:entity/phoenix"},"elements":[{"from":[6.5714283,7.714286,7.9998555],"to":[8.857143,8.285714,15.999856],"rotation":{"angle":0.0,"axis":"y","origin":[7.714286,8.0,11.999856]},"faces":{"east":{"uv":[6.875,1.3125,7.75,1.375],"rotation":0,"texture":"#0","tintindex":0},"south":{"uv":[5.0625,7.1875,5.3125,7.25],"rotation":0,"texture":"#0","tintindex":0},"north":{"uv":[4.75,7.1875,5.0,7.25],"rotation":0,"texture":"#0","tintindex":0},"west":{"uv":[6.875,1.4375,7.75,1.5],"rotation":0,"texture":"#0","tintindex":0},"up":{"uv":[3.3125,7.0625,3.0625,6.1875],"rotation":0,"texture":"#0","tintindex":0},"down":{"uv":[3.3125,6.1875,3.0625,7.0625],"rotation":0,"texture":"#0","tintindex":0}}}],"display":{"head":{"translation":[0.0,-6.4,0.0],"scale":[4.0,4.0,4.0]}}}