{"textures":{"2":"modelengine:entity/vfx_gale_spear_trail"},"elements":[{"from":[8.0,7.9108334,8.153333],"to":[8.0,8.0875,29.846668],"faces":{"east":{"uv":[8.125,0.0,0.0,0.125],"tintindex":0,"rotation":0,"texture":"#2"},"west":{"uv":[0.0,0.0,8.125,0.125],"tintindex":0,"rotation":0,"texture":"#2"}}},{"from":[7.911667,8.0008335,8.153333],"to":[8.088333,8.0008335,29.846668],"faces":{"up":{"uv":[8.125,0.0,0.0,0.125],"tintindex":0,"rotation":270,"texture":"#2"},"down":{"uv":[0.0,0.0,8.125,0.125],"tintindex":0,"rotation":270,"texture":"#2"}}}],"display":{"gui":{"rotation":[30,225,0]}}}