{"textures":{"0":"modelengine:entity/spirit_horse"},"elements":[{"from":[5.485714,6.501889,3.4637156],"to":[10.514286,10.90189,8.492287],"rotation":{"angle":-22.5,"axis":"x","origin":[8.0,8.701889,5.978001]},"faces":{"east":{"uv":[7.375,0.0,8.375,0.875],"rotation":0,"texture":"#0","tintindex":0},"south":{"uv":[5.125,7.25,6.125,8.125],"rotation":0,"texture":"#0","tintindex":0},"north":{"uv":[5.125,7.25,6.125,8.125],"rotation":0,"texture":"#0","tintindex":0},"west":{"uv":[6.25,7.5,7.25,8.375],"rotation":0,"texture":"#0","tintindex":0},"up":{"uv":[7.875,7.375,6.875,6.375],"rotation":0,"texture":"#0","tintindex":0},"down":{"uv":[7.875,7.375,6.875,6.375],"rotation":0,"texture":"#0","tintindex":0}}},{"from":[6.1142855,4.591824,-0.46779346],"to":[9.885715,8.420396,4.5607786],"rotation":{"angle":-22.5,"axis":"x","origin":[8.0,6.7775383,1.3322072]},"faces":{"east":{"uv":[9.0,5.0,8.0,5.75],"rotation":0,"texture":"#0","tintindex":0},"south":{"uv":[9.125,5.0,9.875,5.875],"rotation":0,"texture":"#0","tintindex":0},"north":{"uv":[9.125,5.0,9.875,5.75],"rotation":0,"texture":"#0","tintindex":0},"west":{"uv":[8.0,5.0,9.0,5.75],"rotation":0,"texture":"#0","tintindex":0},"up":{"uv":[9.375,9.5,8.625,8.5],"rotation":0,"texture":"#0","tintindex":0},"down":{"uv":[9.375,9.5,8.625,8.5],"rotation":0,"texture":"#0","tintindex":0}}},{"from":[7.0571427,11.480634,3.8589735],"to":[8.942857,13.99492,9.516116],"rotation":{"angle":-22.5,"axis":"x","origin":[8.0,12.737777,6.687545]},"faces":{"east":{"uv":[11.5,7.75,10.375,8.25],"rotation":0,"texture":"#0","tintindex":0},"south":{"uv":[12.25,12.125,12.625,12.625],"rotation":0,"texture":"#0","tintindex":0},"north":{"uv":[9.625,12.25,10.0,12.75],"rotation":0,"texture":"#0","tintindex":0},"west":{"uv":[10.375,7.75,11.5,8.25],"rotation":0,"texture":"#0","tintindex":0},"up":{"uv":[11.625,9.5,11.25,8.375],"rotation":0,"texture":"#0","tintindex":0},"down":{"uv":[11.625,9.625,11.25,10.75],"rotation":0,"texture":"#0","tintindex":0}}},{"from":[7.072857,7.9451528,8.205204],"to":[8.927143,12.345153,10.71949],"rotation":{"angle":-22.5,"axis":"x","origin":[8.0,10.145153,9.462347]},"faces":{"east":{"uv":[11.625,11.125,11.125,12.0],"rotation":0,"texture":"#0","tintindex":0},"south":{"uv":[9.125,11.625,9.5,12.5],"rotation":0,"texture":"#0","tintindex":0},"north":{"uv":[2.625,8.5,3.0,9.375],"rotation":0,"texture":"#0","tintindex":0},"west":{"uv":[11.125,11.125,11.625,12.0],"rotation":0,"texture":"#0","tintindex":0},"up":{"uv":[2.125,12.875,1.75,12.375],"rotation":0,"texture":"#0","tintindex":0},"down":{"uv":[2.625,12.375,2.25,12.875],"rotation":0,"texture":"#0","tintindex":0}}},{"from":[5.025262,10.418821,6.3842354],"to":[6.9109764,12.933107,7.012807],"rotation":{"angle":22.5,"axis":"z","origin":[5.9681187,11.675964,6.698521]},"faces":{"east":{"uv":[2.75,4.5,2.875,5.0],"rotation":0,"texture":"#0","tintindex":0},"south":{"uv":[0.0,12.5,0.375,13.0],"rotation":0,"texture":"#0","tintindex":0},"north":{"uv":[7.875,12.375,8.25,12.875],"rotation":0,"texture":"#0","tintindex":0},"west":{"uv":[2.75,5.125,2.875,5.625],"rotation":0,"texture":"#0","tintindex":0},"up":{"uv":[3.625,2.875,3.25,2.75],"rotation":0,"texture":"#0","tintindex":0},"down":{"uv":[4.125,2.75,3.75,2.875],"rotation":0,"texture":"#0","tintindex":0}}},{"from":[9.089024,10.418821,6.3842354],"to":[10.974738,12.933107,7.012807],"rotation":{"angle":-22.5,"axis":"z","origin":[10.031881,11.675964,6.698521]},"faces":{"east":{"uv":[2.875,5.125,2.75,5.625],"rotation":0,"texture":"#0","tintindex":0},"south":{"uv":[0.375,12.5,0.0,13.0],"rotation":0,"texture":"#0","tintindex":0},"north":{"uv":[8.25,12.375,7.875,12.875],"rotation":0,"texture":"#0","tintindex":0},"west":{"uv":[2.875,4.5,2.75,5.0],"rotation":0,"texture":"#0","tintindex":0},"up":{"uv":[3.25,2.875,3.625,2.75],"rotation":0,"texture":"#0","tintindex":0},"down":{"uv":[3.75,2.75,4.125,2.875],"rotation":0,"texture":"#0","tintindex":0}}}],"display":{"head":{"translation":[0.0,-6.4,0.0],"scale":[4.0,4.0,4.0]}}}