{"textures":{"0":"modelengine:entity/spirit_horse"},"elements":[{"from":[5.8,7.157383,3.8224454],"to":[10.2,12.185955,8.851017],"rotation":{"angle":-45.0,"axis":"x","origin":[8.0,9.671669,6.336731]},"faces":{"east":{"uv":[6.25,0.0,7.25,1.0],"rotation":0,"texture":"#0","tintindex":0},"south":{"uv":[7.25,2.75,8.125,3.75],"rotation":0,"texture":"#0","tintindex":0},"north":{"uv":[7.25,2.75,8.125,3.75],"rotation":0,"texture":"#0","tintindex":0},"west":{"uv":[6.875,5.25,7.875,6.25],"rotation":0,"texture":"#0","tintindex":0},"up":{"uv":[8.125,4.875,7.25,3.875],"rotation":0,"texture":"#0","tintindex":0},"down":{"uv":[8.125,4.875,7.25,3.875],"rotation":0,"texture":"#0","tintindex":0}}},{"from":[7.0571427,10.360704,7.5241575],"to":[8.942857,14.760705,10.038444],"rotation":{"angle":-45.0,"axis":"x","origin":[8.0,12.560705,8.781301]},"faces":{"east":{"uv":[11.75,5.25,11.25,6.125],"rotation":0,"texture":"#0","tintindex":0},"south":{"uv":[7.375,11.75,7.75,12.625],"rotation":0,"texture":"#0","tintindex":0},"north":{"uv":[6.875,11.75,7.25,12.625],"rotation":0,"texture":"#0","tintindex":0},"west":{"uv":[11.25,5.25,11.75,6.125],"rotation":0,"texture":"#0","tintindex":0},"up":{"uv":[3.125,12.875,2.75,12.375],"rotation":0,"texture":"#0","tintindex":0},"down":{"uv":[3.625,12.375,3.25,12.875],"rotation":0,"texture":"#0","tintindex":0}}},{"from":[7.0571427,8.410495,7.402939],"to":[8.942857,10.310494,9.917225],"rotation":{"angle":-45.0,"axis":"x","origin":[8.0,12.681923,8.660082]},"faces":{"east":{"uv":[11.75,5.625,11.25,6.0],"rotation":0,"texture":"#0","tintindex":0},"south":{"uv":[7.375,12.125,7.75,12.5],"rotation":0,"texture":"#0","tintindex":0},"north":{"uv":[6.875,11.75,7.25,12.625],"rotation":0,"texture":"#0","tintindex":0},"west":{"uv":[11.25,5.625,11.75,6.0],"rotation":0,"texture":"#0","tintindex":0},"up":{"uv":[3.125,12.875,2.75,12.375],"rotation":0,"texture":"#0","tintindex":0},"down":{"uv":[3.625,12.375,3.25,12.875],"rotation":0,"texture":"#0","tintindex":0}}}],"display":{"head":{"translation":[0.0,-6.4,0.0],"scale":[4.0,4.0,4.0]}}}