{"textures":{"0":"modelengine:entity/spirit_horse"},"elements":[{"from":[6.428571,8.011429,6.428571],"to":[9.571428,8.011429,9.571428],"rotation":{"angle":0.0,"axis":"y","origin":[8.0,8.011429,8.0]},"faces":{"east":{"uv":[7.25,5.0,7.875,5.0],"rotation":0,"texture":"#0","tintindex":0},"south":{"uv":[7.25,5.125,7.875,5.125],"rotation":0,"texture":"#0","tintindex":0},"north":{"uv":[6.25,1.375,6.875,1.375],"rotation":0,"texture":"#0","tintindex":0},"west":{"uv":[11.25,6.375,11.875,6.375],"rotation":0,"texture":"#0","tintindex":0},"up":{"uv":[12.0,0.625,11.375,0.0],"rotation":0,"texture":"#0","tintindex":0},"down":{"uv":[12.0,0.0,11.375,0.625],"rotation":0,"texture":"#0","tintindex":0}}},{"from":[6.428571,2.9828572,6.428571],"to":[6.428571,8.011429,9.571428],"rotation":{"angle":0.0,"axis":"y","origin":[6.428571,5.497143,8.0]},"faces":{"east":{"uv":[0.625,9.625,0.0,10.625],"rotation":0,"texture":"#0","tintindex":0},"south":{"uv":[5.0,8.375,5.0,9.375],"rotation":0,"texture":"#0","tintindex":0},"north":{"uv":[4.875,8.375,4.875,9.375],"rotation":0,"texture":"#0","tintindex":0},"west":{"uv":[0.0,9.625,0.625,10.625],"rotation":0,"texture":"#0","tintindex":0},"up":{"uv":[2.25,10.375,2.25,9.75],"rotation":0,"texture":"#0","tintindex":0},"down":{"uv":[2.375,9.75,2.375,10.375],"rotation":0,"texture":"#0","tintindex":0}}},{"from":[9.571428,2.9828572,6.428571],"to":[9.571428,8.011429,9.571428],"rotation":{"angle":0.0,"axis":"y","origin":[9.571428,5.497143,8.0]},"faces":{"east":{"uv":[2.625,9.625,3.25,10.625],"rotation":0,"texture":"#0","tintindex":0},"south":{"uv":[6.125,11.875,6.125,12.875],"rotation":0,"texture":"#0","tintindex":0},"north":{"uv":[6.0,11.875,6.0,12.875],"rotation":0,"texture":"#0","tintindex":0},"west":{"uv":[3.25,9.625,2.625,10.625],"rotation":0,"texture":"#0","tintindex":0},"up":{"uv":[2.5,10.375,2.5,9.75],"rotation":0,"texture":"#0","tintindex":0},"down":{"uv":[8.5,9.75,8.5,10.375],"rotation":0,"texture":"#0","tintindex":0}}},{"from":[6.428571,2.9828572,6.428571],"to":[9.571428,8.011429,6.428571],"rotation":{"angle":0.0,"axis":"y","origin":[8.0,5.497143,6.428571]},"faces":{"east":{"uv":[6.25,11.875,6.25,12.875],"rotation":0,"texture":"#0","tintindex":0},"south":{"uv":[1.5,9.75,2.125,10.75],"rotation":0,"texture":"#0","tintindex":0},"north":{"uv":[2.125,9.75,1.5,10.75],"rotation":0,"texture":"#0","tintindex":0},"west":{"uv":[10.125,12.25,10.125,13.25],"rotation":0,"texture":"#0","tintindex":0},"up":{"uv":[12.75,0.5,12.125,0.5],"rotation":0,"texture":"#0","tintindex":0},"down":{"uv":[12.75,0.625,12.125,0.625],"rotation":0,"texture":"#0","tintindex":0}}},{"from":[6.428571,2.9828572,9.571428],"to":[9.571428,8.011429,9.571428],"rotation":{"angle":0.0,"axis":"y","origin":[8.0,5.497143,9.571428]},"faces":{"east":{"uv":[10.25,12.25,10.25,13.25],"rotation":0,"texture":"#0","tintindex":0},"south":{"uv":[1.5,9.75,2.125,10.75],"rotation":0,"texture":"#0","tintindex":0},"north":{"uv":[2.125,9.75,1.5,10.75],"rotation":0,"texture":"#0","tintindex":0},"west":{"uv":[10.375,12.25,10.375,13.25],"rotation":0,"texture":"#0","tintindex":0},"up":{"uv":[12.875,7.875,12.25,7.875],"rotation":0,"texture":"#0","tintindex":0},"down":{"uv":[12.875,8.0,12.25,8.0],"rotation":0,"texture":"#0","tintindex":0}}}],"display":{"head":{"translation":[0.0,-6.4,0.0],"scale":[4.0,4.0,4.0]}}}