{"textures":{"0":"modelengine:entity/reaping_claw"},"elements":[{"from":[-2.7200003,5.6986256,6.0676155],"to":[18.720001,5.6986256,14.107616],"faces":{"up":{"uv":[4.0,0.0,0.0,1.5],"tintindex":0,"rotation":0,"texture":"#0"},"down":{"uv":[4.0,1.5,0.0,0.0],"tintindex":0,"rotation":0,"texture":"#0"}},"rotation":{"origin":[12.060406,13.882718,8.197523],"angle":22.5,"axis":"x"}},{"from":[-2.7200003,4.059807,10.526333],"to":[18.720001,4.059807,15.886333],"faces":{"up":{"uv":[8.25,1.5,4.25,2.5],"tintindex":0,"rotation":0,"texture":"#0"},"down":{"uv":[8.25,2.5,4.25,1.5],"tintindex":0,"rotation":0,"texture":"#0"}}},{"from":[-2.7200003,1.8650494,11.542504],"to":[18.720001,1.8650494,18.242504],"faces":{"up":{"uv":[4.0,3.5,0.0,4.75],"tintindex":0,"rotation":0,"texture":"#0"},"down":{"uv":[4.0,4.75,0.0,3.5],"tintindex":0,"rotation":0,"texture":"#0"}},"rotation":{"origin":[12.060406,13.882718,8.197523],"angle":-22.5,"axis":"x"}}],"display":{"gui":{"rotation":[30,225,0]}}}