{"textures":{"0":"modelengine:entity/reaping_claw"},"elements":[{"from":[4.6499996,6.2768764,6.1913238],"to":[11.35,6.2768764,14.231323],"faces":{"up":{"uv":[2.75,6.75,1.5,8.25],"tintindex":0,"rotation":0,"texture":"#0"},"down":{"uv":[2.75,8.25,1.5,6.75],"tintindex":0,"rotation":0,"texture":"#0"}},"rotation":{"origin":[11.309595,14.653174,13.067698],"angle":45.0,"axis":"x"}}],"display":{"gui":{"rotation":[30,225,0]}}}