{"textures":{"0":"modelengine:entity/reaping_claw"},"elements":[{"from":[4.6499996,8.048716,8.0037155],"to":[11.35,16.088715,8.0037155],"faces":{"south":{"uv":[7.0,4.0,5.75,5.5],"tintindex":0,"rotation":0,"texture":"#0"},"north":{"uv":[5.75,4.0,7.0,5.5],"tintindex":0,"rotation":0,"texture":"#0"}}},{"from":[4.6499996,6.4185553,6.2265215],"to":[11.35,14.458555,6.2265215],"faces":{"south":{"uv":[7.25,5.75,6.0,7.25],"tintindex":0,"rotation":0,"texture":"#0"},"north":{"uv":[6.0,5.75,7.25,7.25],"tintindex":0,"rotation":0,"texture":"#0"}},"rotation":{"origin":[12.060406,9.108374,18.788034],"angle":45.0,"axis":"x"}}],"display":{"gui":{"rotation":[30,225,0]}}}