{"textures":{"0":"modelengine:entity/reaping_claw"},"elements":[{"from":[7.9344034,7.990597,4.6499996],"to":[7.9344034,14.690596,11.35],"faces":{"east":{"uv":[9.0,6.25,10.25,7.5],"tintindex":0,"rotation":0,"texture":"#0"},"west":{"uv":[10.25,6.25,9.0,7.5],"tintindex":0,"rotation":0,"texture":"#0"}}},{"from":[7.153555,5.544777,4.6499996],"to":[7.153555,12.244776,11.35],"faces":{"east":{"uv":[3.0,9.25,4.25,10.5],"tintindex":0,"rotation":0,"texture":"#0"},"west":{"uv":[4.25,9.25,3.0,10.5],"tintindex":0,"rotation":0,"texture":"#0"}},"rotation":{"origin":[-3.4960022,11.060254,9.658508],"angle":45.0,"axis":"z"}}],"display":{"gui":{"rotation":[30,225,0]}}}