{"textures":{"0":"modelengine:entity/fx_arctic_charge"},"elements":[{"from":[2.797779,2.3200002,-10.564831],"to":[2.797779,13.68,6.265169],"faces":{"east":{"uv":[7.375,5.25,0.0,10.75],"tintindex":0,"rotation":0,"texture":"#0"},"south":{"uv":[1.875,0.875,3.875,2.625],"tintindex":0,"rotation":0,"texture":"#0"},"north":{"uv":[1.875,0.875,3.875,2.625],"tintindex":0,"rotation":0,"texture":"#0"},"west":{"uv":[0.0,5.25,7.375,10.75],"tintindex":0,"rotation":0,"texture":"#0"},"up":{"uv":[1.875,0.875,3.875,2.625],"tintindex":0,"rotation":0,"texture":"#0"},"down":{"uv":[1.875,0.875,3.875,2.625],"tintindex":0,"rotation":0,"texture":"#0"}},"rotation":{"origin":[5.6845427,8.0,4.5694323],"angle":-22.5,"axis":"y"}},{"from":[10.347986,2.3200002,12.958259],"to":[10.347986,13.68,22.538258],"faces":{"east":{"uv":[16.0,5.25,10.75,10.75],"tintindex":0,"rotation":0,"texture":"#0"},"south":{"uv":[3.875,0.875,1.875,2.625],"tintindex":0,"rotation":0,"texture":"#0"},"north":{"uv":[3.875,0.875,1.875,2.625],"tintindex":0,"rotation":0,"texture":"#0"},"west":{"uv":[10.75,5.25,16.0,10.75],"tintindex":0,"rotation":0,"texture":"#0"},"up":{"uv":[3.875,0.875,1.875,2.625],"tintindex":0,"rotation":0,"texture":"#0"},"down":{"uv":[3.875,0.875,1.875,2.625],"tintindex":0,"rotation":0,"texture":"#0"}}},{"from":[13.393562,2.3200002,3.8356357],"to":[13.393562,13.68,12.415636],"faces":{"east":{"uv":[10.5,5.25,7.5,10.75],"tintindex":0,"rotation":0,"texture":"#0"},"south":{"uv":[3.875,0.875,1.875,2.625],"tintindex":0,"rotation":0,"texture":"#0"},"north":{"uv":[3.875,0.875,1.875,2.625],"tintindex":0,"rotation":0,"texture":"#0"},"west":{"uv":[7.5,5.25,10.5,10.75],"tintindex":0,"rotation":0,"texture":"#0"},"up":{"uv":[3.875,0.875,1.875,2.625],"tintindex":0,"rotation":0,"texture":"#0"},"down":{"uv":[3.875,0.875,1.875,2.625],"tintindex":0,"rotation":0,"texture":"#0"}},"rotation":{"origin":[10.5068,8.0,5.031372],"angle":-22.5,"axis":"y"}},{"from":[13.202221,2.3200002,-10.564831],"to":[13.202221,13.68,6.265169],"faces":{"east":{"uv":[7.375,5.25,0.0,10.75],"tintindex":0,"rotation":0,"texture":"#0"},"south":{"uv":[3.875,0.875,1.875,2.625],"tintindex":0,"rotation":0,"texture":"#0"},"north":{"uv":[3.875,0.875,1.875,2.625],"tintindex":0,"rotation":0,"texture":"#0"},"west":{"uv":[0.0,5.25,7.375,10.75],"tintindex":0,"rotation":0,"texture":"#0"},"up":{"uv":[3.875,0.875,1.875,2.625],"tintindex":0,"rotation":0,"texture":"#0"},"down":{"uv":[3.875,0.875,1.875,2.625],"tintindex":0,"rotation":0,"texture":"#0"}},"rotation":{"origin":[10.315457,8.0,4.5694323],"angle":22.5,"axis":"y"}},{"from":[2.6064372,2.3200002,3.8356357],"to":[2.6064372,13.68,12.415636],"faces":{"east":{"uv":[10.5,5.25,7.5,10.75],"tintindex":0,"rotation":0,"texture":"#0"},"south":{"uv":[1.875,0.875,3.875,2.625],"tintindex":0,"rotation":0,"texture":"#0"},"north":{"uv":[1.875,0.875,3.875,2.625],"tintindex":0,"rotation":0,"texture":"#0"},"west":{"uv":[7.5,5.25,10.5,10.75],"tintindex":0,"rotation":0,"texture":"#0"},"up":{"uv":[1.875,0.875,3.875,2.625],"tintindex":0,"rotation":0,"texture":"#0"},"down":{"uv":[1.875,0.875,3.875,2.625],"tintindex":0,"rotation":0,"texture":"#0"}},"rotation":{"origin":[5.4932003,8.0,5.031372],"angle":22.5,"axis":"y"}},{"from":[5.6520143,2.3200002,12.958259],"to":[5.6520143,13.68,22.538258],"faces":{"east":{"uv":[16.0,5.25,10.75,10.75],"tintindex":0,"rotation":0,"texture":"#0"},"south":{"uv":[1.875,0.875,3.875,2.625],"tintindex":0,"rotation":0,"texture":"#0"},"north":{"uv":[1.875,0.875,3.875,2.625],"tintindex":0,"rotation":0,"texture":"#0"},"west":{"uv":[10.75,5.25,16.0,10.75],"tintindex":0,"rotation":0,"texture":"#0"},"up":{"uv":[1.875,0.875,3.875,2.625],"tintindex":0,"rotation":0,"texture":"#0"},"down":{"uv":[1.875,0.875,3.875,2.625],"tintindex":0,"rotation":0,"texture":"#0"}}}],"display":{"gui":{"rotation":[30,225,0]}}}