{"textures":{"0":"modelengine:entity/fx_aether_strike","1":"honor:honor_texture/garagang"},"elements":[{"from":[7.595516,-0.76260567,7.1355095],"to":[8.326244,-0.33787727,7.731598],"faces":{"east":{"uv":[7.59375,2.0,7.25,2.20313],"tintindex":0,"rotation":0,"texture":"#1"},"south":{"uv":[1.0,8.75,1.25,8.95313],"tintindex":0,"rotation":0,"texture":"#1"},"north":{"uv":[8.75,0.75,9.0,0.95313],"tintindex":0,"rotation":0,"texture":"#1"},"west":{"uv":[7.25,2.0,7.59375,2.20313],"tintindex":0,"rotation":0,"texture":"#1"},"up":{"uv":[5.0,8.59375,4.75,8.25],"tintindex":0,"rotation":0,"texture":"#1"},"down":{"uv":[5.25,8.25,5.0,8.59375],"tintindex":0,"rotation":0,"texture":"#1"}},"rotation":{"origin":[7.9608803,-0.7730808,6.8471713],"angle":-45.0,"axis":"x"}},{"from":[7.59368,-1.2904873,7.045452],"to":[8.32808,-0.64968777,7.645212],"faces":{"east":{"uv":[7.59375,2.0,7.25,2.20313],"tintindex":0,"rotation":0,"texture":"#1"},"south":{"uv":[1.0,8.75,1.25,8.95313],"tintindex":0,"rotation":0,"texture":"#1"},"north":{"uv":[8.75,0.75,9.0,0.95313],"tintindex":0,"rotation":0,"texture":"#1"},"west":{"uv":[7.25,2.0,7.59375,2.20313],"tintindex":0,"rotation":0,"texture":"#1"},"up":{"uv":[5.0,8.59375,4.75,8.25],"tintindex":0,"rotation":0,"texture":"#1"},"down":{"uv":[5.25,8.25,5.0,8.59375],"tintindex":0,"rotation":0,"texture":"#1"}},"rotation":{"origin":[7.9608803,-0.7730808,6.8471713],"angle":22.5,"axis":"x"}},{"from":[7.51016,9.671529,8.01801],"to":[8.35976,10.048089,8.38161],"faces":{"east":{"uv":[3.0,8.5,3.296875,8.640625],"tintindex":0,"rotation":0,"texture":"#0"},"south":{"uv":[7.75,8.0,8.046875,8.234375],"tintindex":0,"rotation":0,"texture":"#0"},"north":{"uv":[3.0,8.5,3.296875,8.640625],"tintindex":0,"rotation":0,"texture":"#0"},"west":{"uv":[3.0,8.5,3.296875,8.640625],"tintindex":0,"rotation":0,"texture":"#0"},"up":{"uv":[7.796875,6.84375,7.5,6.5],"tintindex":0,"rotation":0,"texture":"#0"},"down":{"uv":[7.796875,7.0,7.5,7.34375],"tintindex":0,"rotation":0,"texture":"#0"}},"rotation":{"origin":[7.93496,10.55887,7.104301],"angle":22.5,"axis":"x"}},{"from":[7.868,13.00481,6.668],"to":[7.9580717,19.247211,18.0512],"faces":{"east":{"uv":[0.0,4.25,3.953125,6.421875],"tintindex":0,"rotation":0,"texture":"#0"},"south":{"uv":[6.25,8.5,6.265625,10.671875],"tintindex":0,"rotation":0,"texture":"#0"},"north":{"uv":[6.0,8.5,6.015625,10.671875],"tintindex":0,"rotation":0,"texture":"#0"},"west":{"uv":[4.0,4.25,7.953125,6.421875],"tintindex":0,"rotation":0,"texture":"#0"},"up":{"uv":[8.265625,3.953125,8.25,0.0],"tintindex":0,"rotation":0,"texture":"#0"},"down":{"uv":[2.265625,8.25,2.25,12.203125],"tintindex":0,"rotation":0,"texture":"#0"}}},{"from":[7.5692,14.799965,7.6227417],"to":[8.3036,15.399725,8.479542],"faces":{"east":{"uv":[2.5,8.25,2.796875,8.453125],"tintindex":0,"rotation":0,"texture":"#0"},"south":{"uv":[8.25,6.25,8.5,6.453125],"tintindex":0,"rotation":0,"texture":"#0"},"north":{"uv":[8.25,6.0,8.5,6.203125],"tintindex":0,"rotation":0,"texture":"#0"},"west":{"uv":[3.0,8.25,3.296875,8.453125],"tintindex":0,"rotation":0,"texture":"#0"},"up":{"uv":[8.25,7.296875,8.0,7.0],"tintindex":0,"rotation":0,"texture":"#0"},"down":{"uv":[7.5,8.0,7.25,8.296875],"tintindex":0,"rotation":0,"texture":"#0"}}},{"from":[7.508,14.383804,7.5475016],"to":[8.3647995,15.127565,8.663141],"faces":{"east":{"uv":[8.0,6.5,8.296875,6.765625],"tintindex":0,"rotation":0,"texture":"#0"},"south":{"uv":[8.0,6.5,8.296875,6.765625],"tintindex":0,"rotation":0,"texture":"#0"},"north":{"uv":[8.0,6.5,8.296875,6.765625],"tintindex":0,"rotation":0,"texture":"#0"},"west":{"uv":[8.0,6.5,8.296875,6.765625],"tintindex":0,"rotation":0,"texture":"#0"},"up":{"uv":[7.796875,3.390625,7.5,3.0],"tintindex":0,"rotation":0,"texture":"#0"},"down":{"uv":[7.796875,3.5,7.5,3.890625],"tintindex":0,"rotation":0,"texture":"#0"}},"rotation":{"origin":[7.9364,14.683685,8.141321],"angle":-22.5,"axis":"x"}},{"from":[7.91984,0.2153635,10.653942],"to":[7.9184,4.7934046,12.777942],"faces":{"east":{"uv":[6.23438,6.5,5.5,8.09375],"tintindex":0,"rotation":0,"texture":"#1"},"west":{"uv":[5.5,6.5,6.23438,8.09375],"tintindex":0,"rotation":0,"texture":"#1"}},"rotation":{"origin":[7.5764,13.235636,7.6938415],"angle":22.5,"axis":"x"}},{"from":[7.91912,-4.506178,5.625035],"to":[7.91912,0.073302746,9.190475],"faces":{"east":{"uv":[4.73438,6.5,3.5,8.09375],"tintindex":0,"rotation":0,"texture":"#1"},"west":{"uv":[3.5,6.5,4.73438,8.09375],"tintindex":0,"rotation":0,"texture":"#1"}}},{"from":[7.868,16.42481,5.7032003],"to":[7.9760723,21.32081,10.5992],"faces":{"east":{"uv":[4.5,2.25,6.203125,3.953125],"tintindex":0,"rotation":0,"texture":"#0"},"south":{"uv":[8.25,4.25,8.28125,5.953125],"tintindex":0,"rotation":0,"texture":"#0"},"north":{"uv":[8.25,4.25,8.28125,5.953125],"tintindex":0,"rotation":0,"texture":"#0"},"west":{"uv":[4.5,2.25,6.203125,3.953125],"tintindex":0,"rotation":0,"texture":"#0"},"up":{"uv":[4.53125,9.953125,4.5,8.25],"tintindex":0,"rotation":0,"texture":"#0"},"down":{"uv":[4.78125,8.25,4.75,9.953125],"tintindex":0,"rotation":0,"texture":"#0"}}},{"from":[7.51016,9.671529,8.10439],"to":[8.35976,10.048089,8.46799],"faces":{"east":{"uv":[8.75,0.25,8.875,0.390625],"tintindex":0,"rotation":0,"texture":"#0"},"south":{"uv":[8.75,0.25,8.875,0.390625],"tintindex":0,"rotation":0,"texture":"#0"},"north":{"uv":[8.5,3.75,8.796875,3.875],"tintindex":0,"rotation":0,"texture":"#0"},"west":{"uv":[8.75,0.25,8.875,0.390625],"tintindex":0,"rotation":0,"texture":"#0"},"up":{"uv":[8.796875,3.140625,8.5,3.0],"tintindex":0,"rotation":0,"texture":"#0"},"down":{"uv":[8.796875,3.25,8.5,3.390625],"tintindex":0,"rotation":0,"texture":"#0"}},"rotation":{"origin":[7.93496,10.55887,9.381699],"angle":-22.5,"axis":"x"}},{"from":[7.5094404,8.671154,8.618044],"to":[8.36048,9.013153,9.001084],"faces":{"east":{"uv":[0.25,8.75,0.390625,8.875],"tintindex":0,"rotation":0,"texture":"#0"},"south":{"uv":[0.25,8.75,0.390625,8.875],"tintindex":0,"rotation":0,"texture":"#0"},"north":{"uv":[8.5,3.75,8.796875,3.875],"tintindex":0,"rotation":0,"texture":"#0"},"west":{"uv":[0.25,8.75,0.390625,8.875],"tintindex":0,"rotation":0,"texture":"#0"},"up":{"uv":[8.796875,3.140625,8.5,3.0],"tintindex":0,"rotation":0,"texture":"#0"},"down":{"uv":[8.796875,3.25,8.5,3.390625],"tintindex":0,"rotation":0,"texture":"#0"}},"rotation":{"origin":[7.93496,9.505217,9.896073],"angle":22.5,"axis":"x"}},{"from":[7.5710363,14.901585,7.568605],"to":[8.301764,15.497673,7.993333],"faces":{"east":{"uv":[6.75,8.5,6.890625,8.703125],"tintindex":0,"rotation":0,"texture":"#0"},"south":{"uv":[8.25,7.25,8.5,7.453125],"tintindex":0,"rotation":0,"texture":"#0"},"north":{"uv":[8.25,7.0,8.5,7.203125],"tintindex":0,"rotation":0,"texture":"#0"},"west":{"uv":[7.0,8.5,7.140625,8.703125],"tintindex":0,"rotation":0,"texture":"#0"},"up":{"uv":[4.25,8.640625,4.0,8.5],"tintindex":0,"rotation":0,"texture":"#0"},"down":{"uv":[8.75,4.0,8.5,4.140625],"tintindex":0,"rotation":0,"texture":"#0"}},"rotation":{"origin":[7.9364,15.786013,7.558129],"angle":22.5,"axis":"x"}},{"from":[7.5094404,8.671154,7.4849157],"to":[8.36048,9.013153,7.867955],"faces":{"east":{"uv":[8.5,3.5,8.796875,3.625],"tintindex":0,"rotation":0,"texture":"#0"},"south":{"uv":[7.75,8.0,8.046875,8.234375],"tintindex":0,"rotation":0,"texture":"#0"},"north":{"uv":[8.5,3.5,8.796875,3.625],"tintindex":0,"rotation":0,"texture":"#0"},"west":{"uv":[8.5,3.5,8.796875,3.625],"tintindex":0,"rotation":0,"texture":"#0"},"up":{"uv":[7.796875,6.84375,7.5,6.5],"tintindex":0,"rotation":0,"texture":"#0"},"down":{"uv":[7.796875,7.0,7.5,7.34375],"tintindex":0,"rotation":0,"texture":"#0"}},"rotation":{"origin":[7.93496,9.505217,6.5899267],"angle":-22.5,"axis":"x"}},{"from":[7.508,9.075258,7.7351913],"to":[8.3647995,9.747019,8.7359915],"faces":{"east":{"uv":[8.0,6.5,8.296875,6.765625],"tintindex":0,"rotation":0,"texture":"#0"},"south":{"uv":[7.75,8.0,8.046875,8.234375],"tintindex":0,"rotation":0,"texture":"#0"},"north":{"uv":[7.75,8.0,8.046875,8.234375],"tintindex":0,"rotation":0,"texture":"#0"},