{"textures":{"4":"modelengine:entity/main"},"elements":[{"from":[24.610893,5.134103,26.9654],"to":[25.180294,5.8249407,27.272438],"faces":{"east":{"uv":[5.0,10.25,5.1875,10.65625],"tintindex":0,"rotation":0,"texture":"#4"},"south":{"uv":[9.25,9.25,9.5625,9.65625],"tintindex":0,"rotation":0,"texture":"#4"},"north":{"uv":[8.75,9.25,9.0625,9.65625],"tintindex":0,"rotation":0,"texture":"#4"},"west":{"uv":[8.5,10.25,8.6875,10.65625],"tintindex":0,"rotation":0,"texture":"#4"},"up":{"uv":[11.0625,4.1875,10.75,4.0],"tintindex":0,"rotation":0,"texture":"#4"},"down":{"uv":[11.0625,4.25,10.75,4.4375],"tintindex":0,"rotation":0,"texture":"#4"}},"rotation":{"origin":[25.128498,12.594932,27.677433],"angle":-22.5,"axis":"z"}},{"from":[22.888687,6.16606,26.820862],"to":[23.764687,6.6040597,27.434937],"faces":{"east":{"uv":[10.0,6.0,10.34375,6.25],"tintindex":0,"rotation":0,"texture":"#4"},"south":{"uv":[0.75,6.25,1.25,6.5],"tintindex":0,"rotation":0,"texture":"#4"},"north":{"uv":[5.75,1.0,6.25,1.25],"tintindex":0,"rotation":0,"texture":"#4"},"west":{"uv":[10.25,0.0,10.59375,0.25],"tintindex":0,"rotation":0,"texture":"#4"},"up":{"uv":[8.25,8.59375,7.75,8.25],"tintindex":0,"rotation":0,"texture":"#4"},"down":{"uv":[8.75,7.75,8.25,8.09375],"tintindex":0,"rotation":0,"texture":"#4"}},"rotation":{"origin":[22.760397,6.268391,26.911581],"angle":22.5,"axis":"z"}},{"from":[19.920063,7.168039,26.890942],"to":[20.303867,7.8588767,27.351501],"faces":{"east":{"uv":[1.25,5.0,1.5,5.40625],"tintindex":0,"rotation":0,"texture":"#4"},"south":{"uv":[10.0,0.0,10.21875,0.40625],"tintindex":0,"rotation":0,"texture":"#4"},"north":{"uv":[0.0,10.0,0.21875,10.40625],"tintindex":0,"rotation":0,"texture":"#4"},"west":{"uv":[9.75,7.25,10.0,7.65625],"tintindex":0,"rotation":0,"texture":"#4"},"up":{"uv":[4.96875,7.5,4.75,7.25],"tintindex":0,"rotation":0,"texture":"#4"},"down":{"uv":[6.46875,7.5,6.25,7.75],"tintindex":0,"rotation":0,"texture":"#4"}},"rotation":{"origin":[24.94387,12.784324,27.044195],"angle":22.5,"axis":"z"}},{"from":[17.56027,7.3182044,26.820862],"to":[18.12967,8.085804,27.434942],"faces":{"east":{"uv":[9.0,0.0,9.34375,0.4375],"tintindex":0,"rotation":0,"texture":"#4"},"south":{"uv":[9.25,2.5,9.5625,2.9375],"tintindex":0,"rotation":0,"texture":"#4"},"north":{"uv":[9.25,2.0,9.5625,2.4375],"tintindex":0,"rotation":0,"texture":"#4"},"west":{"uv":[9.0,0.5,9.34375,0.9375],"tintindex":0,"rotation":0,"texture":"#4"},"up":{"uv":[6.0625,10.09375,5.75,9.75],"tintindex":0,"rotation":0,"texture":"#4"},"down":{"uv":[6.5625,9.75,6.25,10.09375],"tintindex":0,"rotation":0,"texture":"#4"}},"rotation":{"origin":[22.200272,12.934494,27.058144],"angle":45.0,"axis":"z"}},{"from":[14.7560625,7.2953606,27.096802],"to":[16.594198,8.797019,27.096802],"faces":{"south":{"uv":[3.0,1.0,4.0625,1.84375],"tintindex":0,"rotation":0,"texture":"#4"},"north":{"uv":[3.0,0.0,4.0625,0.84375],"tintindex":0,"rotation":0,"texture":"#4"}},"rotation":{"origin":[22.436024,13.340972,26.713394],"angle":45.0,"axis":"z"}},{"from":[22.750463,5.7775636,26.789455],"to":[23.770697,6.6276045,27.480293],"faces":{"east":{"uv":[6.25,7.75,6.65625,8.25],"tintindex":0,"rotation":0,"texture":"#4"},"south":{"uv":[5.75,4.75,6.34375,5.25],"tintindex":0,"rotation":0,"texture":"#4"},"north":{"uv":[5.75,4.25,6.34375,4.75],"tintindex":0,"rotation":0,"texture":"#4"},"west":{"uv":[7.75,6.25,8.15625,6.75],"tintindex":0,"rotation":0,"texture":"#4"},"up":{"uv":[0.59375,7.15625,0.0,6.75],"tintindex":0,"rotation":0,"texture":"#4"},"down":{"uv":[2.84375,6.75,2.25,7.15625],"tintindex":0,"rotation":0,"texture":"#4"}}},{"from":[24.217764,10.648693,26.99168],"to":[25.093763,11.163665,27.22196],"faces":{"east":{"uv":[11.0,7.25,11.125,7.53125],"tintindex":0,"rotation":0,"texture":"#4"},"south":{"uv":[9.0,5.5,9.5,5.78125],"tintindex":0,"rotation":0,"texture":"#4"},"north":{"uv":[9.0,4.5,9.5,4.78125],"tintindex":0,"rotation":0,"texture":"#4"},"west":{"uv":[7.5,11.0,7.625,11.28125],"tintindex":0,"rotation":0,"texture":"#4"},"up":{"uv":[11.25,2.625,10.75,2.5],"tintindex":0,"rotation":0,"texture":"#4"},"down":{"uv":[3.25,10.75,2.75,10.875],"tintindex":0,"rotation":0,"texture":"#4"}},"rotation":{"origin":[29.104597,5.3218393,26.893194],"angle":45.0,"axis":"z"}},{"from":[22.321213,5.6822014,26.930359],"to":[22.890614,6.373044,27.31416],"faces":{"east":{"uv":[0.25,10.0,0.46875,10.40625],"tintindex":0,"rotation":0,"texture":"#4"},"south":{"uv":[9.25,7.75,9.5625,8.15625],"tintindex":0,"rotation":0,"texture":"#4"},"north":{"uv":[7.75,9.25,8.0625,9.65625],"tintindex":0,"rotation":0,"texture":"#4"},"west":{"uv":[10.0,0.5,10.21875,0.90625],"tintindex":0,"rotation":0,"texture":"#4"},"up":{"uv":[6.0625,10.71875,5.75,10.5],"tintindex":0,"rotation":0,"texture":"#4"},"down":{"uv":[10.8125,5.75,10.5,5.96875],"tintindex":0,"rotation":0,"texture":"#4"}}}],"display":{"gui":{"rotation":[30,225,0]}}}