{"textures":{"2":"modelengine:entity/animasi1"},"elements":[{"from":[-2.9581184,9.661114,23.17959],"to":[6.9802322,23.517012,23.17959],"faces":{"south":{"uv":[13.3724,0.0,0.0,16.0],"tintindex":0,"rotation":0,"texture":"#2"},"north":{"uv":[0.0,0.0,13.3724,16.0],"tintindex":0,"rotation":0,"texture":"#2"}}},{"from":[-2.9581184,9.661114,23.030949],"to":[6.9802322,23.517012,23.030949],"faces":{"south":{"uv":[13.3724,0.0,0.0,16.0],"tintindex":0,"rotation":0,"texture":"#2"},"north":{"uv":[0.0,0.0,13.3724,16.0],"tintindex":0,"rotation":0,"texture":"#2"}}}],"display":{"gui":{"rotation":[30,225,0]}}}