{"textures":{"4":"modelengine:entity/main"},"elements":[{"from":[24.062197,7.6172237,13.018509],"to":[24.366608,8.302162,13.589289],"faces":{"east":{"uv":[7.0,4.0,7.21875,4.25],"tintindex":0,"rotation":0,"texture":"#4"},"south":{"uv":[0.25,11.25,0.375,11.5],"tintindex":0,"rotation":0,"texture":"#4"},"north":{"uv":[0.0,11.25,0.125,11.5],"tintindex":0,"rotation":0,"texture":"#4"},"west":{"uv":[2.75,7.25,2.96875,7.5],"tintindex":0,"rotation":0,"texture":"#4"},"up":{"uv":[11.375,1.46875,11.25,1.25],"tintindex":0,"rotation":0,"texture":"#4"},"down":{"uv":[1.625,11.25,1.5,11.46875],"tintindex":0,"rotation":0,"texture":"#4"}},"rotation":{"origin":[24.327442,13.300013,13.332482],"angle":-22.5,"axis":"z"}},{"from":[20.252686,9.152649,12.942407],"to":[20.937614,9.457058,13.665392],"faces":{"east":{"uv":[6.5,11.0,6.78125,11.125],"tintindex":0,"rotation":0,"texture":"#4"},"south":{"uv":[10.25,11.0,10.5,11.125],"tintindex":0,"rotation":0,"texture":"#4"},"north":{"uv":[11.0,10.0,11.25,10.125],"tintindex":0,"rotation":0,"texture":"#4"},"west":{"uv":[7.0,11.0,7.28125,11.125],"tintindex":0,"rotation":0,"texture":"#4"},"up":{"uv":[10.75,3.53125,10.5,3.25],"tintindex":0,"rotation":0,"texture":"#4"},"down":{"uv":[4.75,10.5,4.5,10.78125],"tintindex":0,"rotation":0,"texture":"#4"}},"rotation":{"origin":[24.327442,13.300013,13.332482],"angle":22.5,"axis":"z"}},{"from":[24.149046,6.9571,12.790202],"to":[24.910086,7.33762,13.817596],"faces":{"east":{"uv":[10.75,1.75,11.15625,1.90625],"tintindex":0,"rotation":0,"texture":"#4"},"south":{"uv":[10.75,10.75,11.03125,10.90625],"tintindex":0,"rotation":0,"texture":"#4"},"north":{"uv":[10.75,10.5,11.03125,10.65625],"tintindex":0,"rotation":0,"texture":"#4"},"west":{"uv":[10.75,2.0,11.15625,2.15625],"tintindex":0,"rotation":0,"texture":"#4"},"up":{"uv":[10.03125,2.15625,9.75,1.75],"tintindex":0,"rotation":0,"texture":"#4"},"down":{"uv":[2.28125,9.75,2.0,10.15625],"tintindex":0,"rotation":0,"texture":"#4"}},"rotation":{"origin":[24.327442,13.300013,13.332482],"angle":-22.5,"axis":"z"}},{"from":[26.444342,7.7232056,12.828249],"to":[27.205374,8.103725,13.779542],"faces":{"east":{"uv":[3.75,10.75,4.125,10.90625],"tintindex":0,"rotation":0,"texture":"#4"},"south":{"uv":[11.0,0.5,11.28125,0.65625],"tintindex":0,"rotation":0,"texture":"#4"},"north":{"uv":[11.0,0.25,11.28125,0.40625],"tintindex":0,"rotation":0,"texture":"#4"},"west":{"uv":[10.75,3.75,11.125,3.90625],"tintindex":0,"rotation":0,"texture":"#4"},"up":{"uv":[10.03125,6.625,9.75,6.25],"tintindex":0,"rotation":0,"texture":"#4"},"down":{"uv":[7.03125,9.75,6.75,10.125],"tintindex":0,"rotation":0,"texture":"#4"}},"rotation":{"origin":[24.327442,13.300013,13.332482],"angle":-45.0,"axis":"z"}},{"from":[21.7353,7.127672,12.752147],"to":[22.496332,7.508192,13.855652],"faces":{"east":{"uv":[2.25,10.75,2.65625,10.90625],"tintindex":0,"rotation":0,"texture":"#4"},"south":{"uv":[11.0,0.75,11.28125,0.90625],"tintindex":0,"rotation":0,"texture":"#4"},"north":{"uv":[0.75,11.0,1.03125,11.15625],"tintindex":0,"rotation":0,"texture":"#4"},"west":{"uv":[10.75,2.25,11.15625,2.40625],"tintindex":0,"rotation":0,"texture":"#4"},"up":{"uv":[10.03125,2.65625,9.75,2.25],"tintindex":0,"rotation":0,"texture":"#4"},"down":{"uv":[5.03125,9.75,4.75,10.15625],"tintindex":0,"rotation":0,"texture":"#4"}}},{"from":[23.142836,7.614414,13.094612],"to":[23.827772,7.994934,13.51318],"faces":{"east":{"uv":[2.25,11.25,2.40625,11.40625],"tintindex":0,"rotation":0,"texture":"#4"},"south":{"uv":[11.0,4.5,11.25,4.65625],"tintindex":0,"rotation":0,"texture":"#4"},"north":{"uv":[4.5,11.0,4.75,11.15625],"tintindex":0,"rotation":0,"texture":"#4"},"west":{"uv":[11.25,2.25,11.40625,2.40625],"tintindex":0,"rotation":0,"texture":"#4"},"up":{"uv":[5.0,11.15625,4.75,11.0],"tintindex":0,"rotation":0,"texture":"#4"},"down":{"uv":[11.25,4.75,11.0,4.90625],"tintindex":0,"rotation":0,"texture":"#4"}},"rotation":{"origin":[24.327442,13.300013,13.332482],"angle":-22.5,"axis":"z"}},{"from":[27.210577,6.956976,12.676044],"to":[28.16187,7.718008,13.931754],"faces":{"east":{"uv":[4.75,9.25,5.21875,9.53125],"tintindex":0,"rotation":0,"texture":"#4"},"south":{"uv":[7.25,9.75,7.625,10.03125],"tintindex":0,"rotation":0,"texture":"#4"},"north":{"uv":[9.75,6.75,10.125,7.03125],"tintindex":0,"rotation":0,"texture":"#4"},"west":{"uv":[9.25,5.0,9.71875,5.28125],"tintindex":0,"rotation":0,"texture":"#4"},"up":{"uv":[7.625,8.71875,7.25,8.25],"tintindex":0,"rotation":0,"texture":"#4"},"down":{"uv":[8.625,7.25,8.25,7.71875],"tintindex":0,"rotation":0,"texture":"#4"}},"rotation":{"origin":[24.327442,13.300013,13.332482],"angle":-45.0,"axis":"z"}},{"from":[21.48486,8.213327,13.056564],"to":[22.169788,8.7841,13.551234],"faces":{"east":{"uv":[5.0,8.5,5.1875,8.71875],"tintindex":0,"rotation":0,"texture":"#4"},"south":{"uv":[6.25,5.75,6.5,5.96875],"tintindex":0,"rotation":0,"texture":"#4"},"north":{"uv":[6.25,1.0,6.5,1.21875],"tintindex":0,"rotation":0,"texture":"#4"},"west":{"uv":[9.0,1.0,9.1875,1.21875],"tintindex":0,"rotation":0,"texture":"#4"},"up":{"uv":[8.25,2.9375,8.0,2.75],"tintindex":0,"rotation":0,"texture":"#4"},"down":{"uv":[0.75,8.25,0.5,8.4375],"tintindex":0,"rotation":0,"texture":"#4"}}},{"from":[22.097847,7.866701,12.904352],"to":[22.782778,8.171112,13.70344],"faces":{"east":{"uv":[3.25,11.0,3.5625,11.125],"tintindex":0,"rotation":0,"texture":"#4"},"south":{"uv":[11.0,9.5,11.25,9.625],"tintindex":0,"rotation":0,"texture":"#4"},"north":{"uv":[9.5,11.0,9.75,11.125],"tintindex":0,"rotation":0,"texture":"#4"},"west":{"uv":[3.75,11.0,4.0625,11.125],"tintindex":0,"rotation":0,"texture":"#4"},"up":{"uv":[4.25,10.5625,4.0,10.25],"tintindex":0,"rotation":0,"texture":"#4"},"down":{"uv":[4.5,10.25,4.25,10.5625],"tintindex":0,"rotation":0,"texture":"#4"}}},{"from":[24.294666,7.384756,12.866304],"to":[24.979595,7.689165,13.741494],"faces":{"east":{"uv":[11.0,1.0,11.34375,1.125],"tintindex":0,"rotation":0,"texture":"#4"},"south":{"uv":[11.0,9.75,11.25,9.875],"tintindex":0,"rotation":0,"texture":"#4"},"north":{"uv":[9.75,11.0,10.0,11.125],"tintindex":0,"rotation":0,"texture":"#4"},"west":{"uv":[1.25,11.0,1.59375,11.125],"tintindex":0,"rotation":0,"texture":"#4"},"up":{"uv":[8.5,10.34375,8.25,10.0],"tintindex":0,"rotation":0,"texture":"#4"},"down":{"uv":[10.25,9.75,10.0,10.09375],"tintindex":0,"rotation":0,"texture":"#4"}},"rotation":{"origin":[24.327442,13.300013,13.332482],"angle":-22.5,"axis":"z"}},{"from":[19.040081,11.046816,12.980454],"to":[19.725012,11.351233,13.6273365],"faces":{"east":{"uv":[10.5,11.0,10.75,11.125],"tintindex":0,"rotation":0,"texture":"#4"},"south":{"uv":[10.75,11.0,11.0,11.125],"tintindex":0,"rotation":0,"texture":"#4"},"north":{"uv":[11.0,10.25,11.25,10.375],"tintindex":0,"rotation":0,"texture":"#4"},"west":{"uv":[11.0,11.0,11.25,11.125],"tintindex":0,"rotation":0,"texture":"#4"},"up":{"uv":[4.5,4.0,4.25,3.75],"tintindex":0,"rotation":0,"texture":"#4"},"down":{"uv":[5.5,1.25,5.25,1.5],"tintindex":0,"rotation":0,"texture":"#4"}},"rotation":{"origin":[24.327442,13.300013,13.332482],"angle":45.0,"axis":"z"}},{"from":[19.570566,8.208969,12.714092],"to":[20.331598,8.589489,13.8937],"faces":{"east":{"uv":[10.5,5.25,10.9375,5.40625],"tintindex":0,"rotation":0,"texture":"#4"},"south":{"uv":[11.0,0.0,11.28125,0.15625],"tintindex":0,"rotation":0,"texture":"#4"},"north":{"uv":[0.0,11.0,0.28125,11.15625],"tintindex":0,"rotation":0,"texture":"#4"},"west":{"uv":[10.5,5.5,10.9375,5.65625],"tintindex":0,"rotation":0,"texture":"#4"},"up":{"uv":[0.78125,10.1875,0.5,9.75],"tintindex":0,"rotation":0,"texture":"#4"},"down":{"uv":[1.28125,9.75,1.0,10.1875],"tintindex":0,"rotation":0,"texture":"#4"}},"rotation":{"origin":[24.327442,13.300013,13.332482],"angle":22.5,"axis":"z"}},{"from":[19.548286,10.005878,13.132667],"to":[19.738539,10.576658,13.475132],"faces":{"east":{"uv":[1.0,11.25,1.125,11.46875],"tintindex":0,"rotation":0,"texture":"#4"},"south":{"uv":[5.75,11.25,5.8125,11.46875],"tintindex":0,"rotation":0,"texture":"#4"},