{"textures":{"2":"modelengine:entity/animasi1"},"elements":[{"from":[1.0880108,13.614977,20.000813],"to":[3.0844002,16.083757,20.000813],"faces":{"south":{"uv":[1.0,0.0,15.5,16.0],"tintindex":0,"rotation":0,"texture":"#2"},"north":{"uv":[13.5,0.0,1.0,16.0],"tintindex":0,"rotation":0,"texture":"#2"}},"rotation":{"origin":[2.4347944,13.624008,19.52924],"angle":-45.0,"axis":"z"}},{"from":[0.1961689,13.845577,22.230408],"to":[2.192566,16.31435,22.230408],"faces":{"south":{"uv":[15.5,0.0,1.0,16.0],"tintindex":0,"rotation":0,"texture":"#2"},"north":{"uv":[1.0,0.0,13.5,16.0],"tintindex":0,"rotation":0,"texture":"#2"}},"rotation":{"origin":[1.3471966,14.028713,20.915518],"angle":45.0,"axis":"z"}},{"from":[0.1961689,13.845577,20.000813],"to":[2.192566,16.31435,20.000813],"faces":{"south":{"uv":[15.5,0.0,1.0,16.0],"tintindex":0,"rotation":0,"texture":"#2"},"north":{"uv":[1.0,0.0,13.5,16.0],"tintindex":0,"rotation":0,"texture":"#2"}},"rotation":{"origin":[1.3471966,14.028713,18.685923],"angle":45.0,"axis":"z"}},{"from":[1.0880108,13.614977,22.230408],"to":[3.0844002,16.083757,22.230408],"faces":{"south":{"uv":[1.0,0.0,15.5,16.0],"tintindex":0,"rotation":0,"texture":"#2"},"north":{"uv":[13.5,0.0,1.0,16.0],"tintindex":0,"rotation":0,"texture":"#2"}},"rotation":{"origin":[2.4347944,13.624008,21.758835],"angle":-45.0,"axis":"z"}}],"display":{"gui":{"rotation":[30,225,0]}}}