{"textures":{"4":"modelengine:entity/main"},"elements":[{"from":[16.569324,22.817743,12.915141],"to":[17.508732,23.287441,13.478782],"faces":{"east":{"uv":[9.25,4.25,9.46875,4.4375],"tintindex":0,"rotation":0,"texture":"#4"},"south":{"uv":[0.75,10.75,1.09375,10.9375],"tintindex":0,"rotation":0,"texture":"#4"},"north":{"uv":[10.5,7.75,10.84375,7.9375],"tintindex":0,"rotation":0,"texture":"#4"},"west":{"uv":[11.0,1.25,11.21875,1.4375],"tintindex":0,"rotation":0,"texture":"#4"},"up":{"uv":[10.59375,9.71875,10.25,9.5],"tintindex":0,"rotation":0,"texture":"#4"},"down":{"uv":[10.59375,9.75,10.25,9.96875],"tintindex":0,"rotation":0,"texture":"#4"}}},{"from":[16.057447,22.440779,12.915141],"to":[16.527151,23.38018,13.478782],"faces":{"east":{"uv":[8.75,10.25,8.96875,10.59375],"tintindex":0,"rotation":0,"texture":"#4"},"south":{"uv":[0.75,10.75,1.09375,10.9375],"tintindex":0,"rotation":0,"texture":"#4"},"north":{"uv":[10.5,7.75,10.84375,7.9375],"tintindex":0,"rotation":0,"texture":"#4"},"west":{"uv":[10.0,10.25,10.21875,10.59375],"tintindex":0,"rotation":0,"texture":"#4"},"up":{"uv":[1.9375,11.21875,1.75,11.0],"tintindex":0,"rotation":0,"texture":"#4"},"down":{"uv":[2.1875,11.0,2.0,11.21875],"tintindex":0,"rotation":0,"texture":"#4"}},"rotation":{"origin":[16.996857,23.38018,12.774229],"angle":45.0,"axis":"z"}},{"from":[16.28134,22.856441,12.915141],"to":[17.220747,23.326145,13.478782],"faces":{"east":{"uv":[9.25,4.25,9.46875,4.4375],"tintindex":0,"rotation":0,"texture":"#4"},"south":{"uv":[0.75,10.75,1.09375,10.9375],"tintindex":0,"rotation":0,"texture":"#4"},"north":{"uv":[10.5,7.75,10.84375,7.9375],"tintindex":0,"rotation":0,"texture":"#4"},"west":{"uv":[11.0,1.25,11.21875,1.4375],"tintindex":0,"rotation":0,"texture":"#4"},"up":{"uv":[10.59375,9.71875,10.25,9.5],"tintindex":0,"rotation":0,"texture":"#4"},"down":{"uv":[10.59375,9.75,10.25,9.96875],"tintindex":0,"rotation":0,"texture":"#4"}},"rotation":{"origin":[16.28134,23.795841,12.774229],"angle":22.5,"axis":"z"}},{"from":[17.088354,22.817743,12.915141],"to":[17.508732,23.287441,13.478782],"faces":{"east":{"uv":[9.25,4.25,9.46875,4.4375],"tintindex":0,"rotation":0,"texture":"#4"},"south":{"uv":[0.75,10.75,1.09375,10.9375],"tintindex":0,"rotation":0,"texture":"#4"},"north":{"uv":[10.5,7.75,10.84375,7.9375],"tintindex":0,"rotation":0,"texture":"#4"},"west":{"uv":[11.0,1.25,11.21875,1.4375],"tintindex":0,"rotation":0,"texture":"#4"},"up":{"uv":[10.59375,9.71875,10.25,9.5],"tintindex":0,"rotation":0,"texture":"#4"},"down":{"uv":[10.59375,9.75,10.25,9.96875],"tintindex":0,"rotation":0,"texture":"#4"}}},{"from":[16.000463,22.781988,12.915141],"to":[16.939873,23.251692,13.478782],"faces":{"east":{"uv":[2.25,11.0,2.46875,11.1875],"tintindex":0,"rotation":0,"texture":"#4"},"south":{"uv":[1.75,10.75,2.09375,10.9375],"tintindex":0,"rotation":0,"texture":"#4"},"north":{"uv":[1.25,10.75,1.59375,10.9375],"tintindex":0,"rotation":0,"texture":"#4"},"west":{"uv":[2.5,11.0,2.71875,11.1875],"tintindex":0,"rotation":0,"texture":"#4"},"up":{"uv":[10.59375,10.21875,10.25,10.0],"tintindex":0,"rotation":0,"texture":"#4"},"down":{"uv":[10.59375,10.25,10.25,10.46875],"tintindex":0,"rotation":0,"texture":"#4"}},"rotation":{"origin":[16.000463,23.72139,12.868174],"angle":45.0,"axis":"z"}},{"from":[16.820583,22.67178,12.915141],"to":[17.759983,23.141485,13.478782],"faces":{"east":{"uv":[9.25,4.25,9.46875,4.4375],"tintindex":0,"rotation":0,"texture":"#4"},"south":{"uv":[0.75,10.75,1.09375,10.9375],"tintindex":0,"rotation":0,"texture":"#4"},"north":{"uv":[10.5,7.75,10.84375,7.9375],"tintindex":0,"rotation":0,"texture":"#4"},"west":{"uv":[11.0,1.25,11.21875,1.4375],"tintindex":0,"rotation":0,"texture":"#4"},"up":{"uv":[10.59375,9.71875,10.25,9.5],"tintindex":0,"rotation":0,"texture":"#4"},"down":{"uv":[10.59375,9.75,10.25,9.96875],"tintindex":0,"rotation":0,"texture":"#4"}},"rotation":{"origin":[16.820583,23.611181,12.774229],"angle":-22.5,"axis":"z"}}],"display":{"gui":{"rotation":[30,225,0]}}}