{"textures":{"0":"modelengine:entity/spirit_guardian"},"elements":[{"from":[7.0984163,10.487511,5.9585896],"to":[15.098416,12.487511,15.958589],"faces":{"east":{"uv":[6.1875,2.3125,5.5625,2.4375],"tintindex":0,"rotation":0,"texture":"#0"},"south":{"uv":[9.3125,6.375,8.8125,6.5],"tintindex":0,"rotation":0,"texture":"#0"},"north":{"uv":[9.3125,6.1875,8.8125,6.3125],"tintindex":0,"rotation":0,"texture":"#0"},"west":{"uv":[5.875,3.625,5.25,3.75],"tintindex":0,"rotation":0,"texture":"#0"},"up":{"uv":[6.1875,7.0625,6.6875,6.4375],"tintindex":0,"rotation":0,"texture":"#0"},"down":{"uv":[6.5625,0.5,7.0625,1.125],"tintindex":0,"rotation":0,"texture":"#0"}},"rotation":{"origin":[11.098416,11.487511,10.95859],"angle":-22.5,"axis":"z"}},{"from":[7.9946976,2.9114037,6.9585896],"to":[14.994699,8.911404,14.958589],"faces":{"east":{"uv":[4.125,7.875,3.625,8.25],"tintindex":0,"rotation":0,"texture":"#0"},"south":{"uv":[8.375,5.4375,7.9375,5.8125],"tintindex":0,"rotation":0,"texture":"#0"},"north":{"uv":[7.5,7.8125,7.0625,8.1875],"tintindex":0,"rotation":0,"texture":"#0"},"west":{"uv":[3.5625,7.875,3.0625,8.25],"tintindex":0,"rotation":0,"texture":"#0"},"up":{"uv":[2.5,5.1875,2.9375,4.6875],"tintindex":0,"rotation":0,"texture":"#0"},"down":{"uv":[7.4375,5.625,7.875,6.125],"tintindex":0,"rotation":0,"texture":"#0"}},"rotation":{"origin":[11.494698,5.9114037,10.95859],"angle":-22.5,"axis":"z"}},{"from":[11.561232,-3.4661255,7.4585896],"to":[18.56123,6.5338745,14.45859],"faces":{"east":{"uv":[3.0625,7.0625,2.625,7.6875],"tintindex":0,"rotation":0,"texture":"#0"},"south":{"uv":[2.5625,7.0625,2.125,7.6875],"tintindex":0,"rotation":0,"texture":"#0"},"north":{"uv":[5.4375,6.9375,5.0,7.5625],"tintindex":0,"rotation":0,"texture":"#0"},"west":{"uv":[7.4375,3.4375,7.0,4.0625],"tintindex":0,"rotation":0,"texture":"#0"},"up":{"uv":[7.75,0.9375,8.1875,0.5],"tintindex":0,"rotation":0,"texture":"#0"},"down":{"uv":[7.75,1.0,8.1875,1.4375],"tintindex":0,"rotation":0,"texture":"#0"}},"rotation":{"origin":[15.061231,1.5338745,10.95859],"angle":45.0,"axis":"z"}},{"from":[5.5676823,2.7919922,15.958589],"to":[13.567683,12.791992,17.958588],"faces":{"east":{"uv":[8.0625,8.5625,8.1875,9.1875],"tintindex":0,"rotation":0,"texture":"#0"},"south":{"uv":[6.25,1.375,6.75,2.0],"tintindex":0,"rotation":0,"texture":"#0"},"north":{"uv":[1.5625,6.25,2.0625,6.875],"tintindex":0,"rotation":0,"texture":"#0"},"west":{"uv":[7.875,8.25,8.0,8.875],"tintindex":0,"rotation":0,"texture":"#0"},"up":{"uv":[8.8125,3.3125,9.3125,3.4375],"tintindex":0,"rotation":0,"texture":"#0"},"down":{"uv":[8.8125,3.625,9.3125,3.5],"tintindex":0,"rotation":0,"texture":"#0"}},"rotation":{"origin":[9.567682,7.791992,16.958588],"angle":-22.5,"axis":"z"}},{"from":[5.5676823,2.7919922,3.9585896],"to":[13.567683,12.791992,5.9585896],"faces":{"east":{"uv":[8.1875,8.5625,8.0625,9.1875],"tintindex":0,"rotation":0,"texture":"#0"},"south":{"uv":[2.0625,6.25,1.5625,6.875],"tintindex":0,"rotation":0,"texture":"#0"},"north":{"uv":[6.75,1.375,6.25,2.0],"tintindex":0,"rotation":0,"texture":"#0"},"west":{"uv":[8.0,8.25,7.875,8.875],"tintindex":0,"rotation":0,"texture":"#0"},"up":{"uv":[8.8125,3.4375,9.3125,3.3125],"tintindex":0,"rotation":0,"texture":"#0"},"down":{"uv":[8.8125,3.5,9.3125,3.625],"tintindex":0,"rotation":0,"texture":"#0"}},"rotation":{"origin":[9.567682,7.791992,4.9585896],"angle":-22.5,"axis":"z"}}],"display":{"gui":{"rotation":[30,225,0]}}}