{"textures":{"0":"modelengine:entity/dash_ubiv1"},"elements":[{"from":[9.4131155,6.586885,10.82623],"to":[21.424593,6.586885,19.30492],"faces":{"up":{"uv":[4.25,2.5,8.5,0.0],"tintindex":0,"rotation":0,"texture":"#0"},"down":{"uv":[8.5,2.5,4.25,0.0],"tintindex":0,"rotation":180,"texture":"#0"}},"rotation":{"origin":[9.4131155,6.586885,15.065575],"angle":-45.0,"axis":"z"}},{"from":[-2.598362,6.586885,10.82623],"to":[9.4131155,6.586885,19.30492],"faces":{"up":{"uv":[0.0,2.5,4.25,0.0],"tintindex":0,"rotation":0,"texture":"#0"},"down":{"uv":[4.25,2.5,0.0,0.0],"tintindex":0,"rotation":180,"texture":"#0"}},"rotation":{"origin":[9.4131155,6.586885,15.065575],"angle":-45.0,"axis":"z"}}],"display":{"gui":{"rotation":[30,225,0]}}}