{"textures":{"0":"modelengine:entity/dash_ubiv1"},"elements":[{"from":[3.760655,-5.424593,8.706557],"to":[12.239346,6.586885,8.706557],"faces":{"south":{"uv":[8.5,0.0,4.25,2.5],"tintindex":0,"rotation":270,"texture":"#0"},"north":{"uv":[4.25,0.0,8.5,2.5],"tintindex":0,"rotation":90,"texture":"#0"}},"rotation":{"origin":[8.0,6.586885,8.706557],"angle":-45.0,"axis":"x"}},{"from":[3.760655,6.586885,8.706557],"to":[12.239346,18.598362,8.706557],"faces":{"south":{"uv":[4.25,0.0,0.0,2.5],"tintindex":0,"rotation":270,"texture":"#0"},"north":{"uv":[0.0,0.0,4.25,2.5],"tintindex":0,"rotation":90,"texture":"#0"}},"rotation":{"origin":[8.0,6.586885,8.706557],"angle":-45.0,"axis":"x"}}],"display":{"gui":{"rotation":[30,225,0]}}}