{"textures":{"0":"forest_skills:mobs/dragontreefix1"},"elements":[{"from":[6.0,11.5,5.914215],"to":[10.0,15.035534,9.449745],"faces":{"east":{"uv":[10.0625,12.375,10.28125,12.59375],"tintindex":0,"rotation":0,"texture":"#0"},"south":{"uv":[6.875,12.25,7.125,12.46875],"tintindex":0,"rotation":0,"texture":"#0"},"north":{"uv":[6.625,12.25,6.875,12.46875],"tintindex":0,"rotation":0,"texture":"#0"},"west":{"uv":[10.3125,12.375,10.53125,12.59375],"tintindex":0,"rotation":0,"texture":"#0"},"up":{"uv":[7.375,12.46875,7.125,12.25],"tintindex":0,"rotation":0,"texture":"#0"},"down":{"uv":[8.3125,12.25,8.0625,12.46875],"tintindex":0,"rotation":0,"texture":"#0"}},"rotation":{"origin":[7.0,12.5,6.914215],"angle":45.0,"axis":"x"}},{"from":[6.0,4.5,5.914215],"to":[10.0,8.035534,9.449745],"faces":{"east":{"uv":[10.5625,12.375,10.78125,12.59375],"tintindex":0,"rotation":0,"texture":"#0"},"south":{"uv":[8.5625,12.25,8.8125,12.46875],"tintindex":0,"rotation":0,"texture":"#0"},"north":{"uv":[8.3125,12.25,8.5625,12.46875],"tintindex":0,"rotation":0,"texture":"#0"},"west":{"uv":[10.8125,12.375,11.03125,12.59375],"tintindex":0,"rotation":0,"texture":"#0"},"up":{"uv":[9.0625,12.46875,8.8125,12.25],"tintindex":0,"rotation":0,"texture":"#0"},"down":{"uv":[9.8125,12.25,9.5625,12.46875],"tintindex":0,"rotation":0,"texture":"#0"}},"rotation":{"origin":[7.0,5.5,6.914215],"angle":45.0,"axis":"x"}},{"from":[5.95,5.5,5.5],"to":[10.05,12.5,10.5],"faces":{"east":{"uv":[3.9375,11.5625,4.25,12.0],"tintindex":0,"rotation":0,"texture":"#0"},"south":{"uv":[6.125,11.75,6.375,12.1875],"tintindex":0,"rotation":0,"texture":"#0"},"north":{"uv":[5.875,11.75,6.125,12.1875],"tintindex":0,"rotation":0,"texture":"#0"},"west":{"uv":[4.25,11.5625,4.5625,12.0],"tintindex":0,"rotation":0,"texture":"#0"},"up":{"uv":[12.1875,3.5625,11.9375,3.25],"tintindex":0,"rotation":0,"texture":"#0"},"down":{"uv":[7.3125,11.9375,7.0625,12.25],"tintindex":0,"rotation":0,"texture":"#0"}}}],"display":{"gui":{"rotation":[30,225,0]}}}