{"textures":{"0":"forest_skills:mobs/dragontreefix1"},"elements":[{"from":[-1.7915192,-0.6891575,10.914024],"to":[5.6781855,3.8805466,17.494022],"faces":{"east":{"uv":[2.1875,11.75,2.59375,12.03125],"tintindex":0,"rotation":0,"texture":"#0"},"south":{"uv":[11.5625,11.5,12.03125,11.78125],"tintindex":0,"rotation":0,"texture":"#0"},"north":{"uv":[11.5625,11.1875,12.03125,11.46875],"tintindex":0,"rotation":0,"texture":"#0"},"west":{"uv":[11.75,2.625,12.15625,2.90625],"tintindex":0,"rotation":0,"texture":"#0"},"up":{"uv":[11.78125,7.34375,11.3125,6.9375],"tintindex":0,"rotation":0,"texture":"#0"},"down":{"uv":[11.84375,5.1875,11.375,5.59375],"tintindex":0,"rotation":0,"texture":"#0"}},"rotation":{"origin":[15.2,11.721035,20.746273],"angle":-22.5,"axis":"y"}},{"from":[2.4946327,5.5638924,-5.1591034],"to":[9.974633,11.533596,7.010601],"faces":{"east":{"uv":[10.9375,1.6875,11.6875,2.0625],"tintindex":0,"rotation":0,"texture":"#0"},"south":{"uv":[11.375,7.375,11.84375,7.75],"tintindex":0,"rotation":0,"texture":"#0"},"north":{"uv":[5.875,11.375,6.34375,11.75],"tintindex":0,"rotation":0,"texture":"#0"},"west":{"uv":[10.9375,3.25,11.6875,3.625],"tintindex":0,"rotation":0,"texture":"#0"},"up":{"uv":[4.59375,11.5625,4.125,10.8125],"tintindex":0,"rotation":0,"texture":"#0"},"down":{"uv":[7.21875,10.8125,6.75,11.5625],"tintindex":0,"rotation":0,"texture":"#0"}},"rotation":{"origin":[15.2,11.721035,20.746273],"angle":-22.5,"axis":"x"}},{"from":[2.5946321,-10.429047,5.1061935],"to":[11.974632,-2.2593422,8.875896],"faces":{"east":{"uv":[11.6875,1.4375,11.9375,1.9375],"tintindex":0,"rotation":0,"texture":"#0"},"south":{"uv":[5.875,10.875,6.46875,11.375],"tintindex":0,"rotation":0,"texture":"#0"},"north":{"uv":[5.25,10.875,5.84375,11.375],"tintindex":0,"rotation":0,"texture":"#0"},"west":{"uv":[11.6875,3.0625,11.9375,3.5625],"tintindex":0,"rotation":0,"texture":"#0"},"up":{"uv":[2.34375,11.75,1.75,11.5],"tintindex":0,"rotation":0,"texture":"#0"},"down":{"uv":[2.96875,11.5,2.375,11.75],"tintindex":0,"rotation":0,"texture":"#0"}},"rotation":{"origin":[22.0883,17.840292,10.282715],"angle":22.5,"axis":"x"}}],"display":{"gui":{"rotation":[30,225,0]}}}