{"textures":{"0":"forest_skills:mobs/dragontreefix1"},"elements":[{"from":[4.025368,-10.429047,5.1061935],"to":[13.405368,-2.2593422,8.875896],"faces":{"east":{"uv":[9.9375,11.5625,10.1875,12.0625],"tintindex":0,"rotation":0,"texture":"#0"},"south":{"uv":[4.625,10.875,5.21875,11.375],"tintindex":0,"rotation":0,"texture":"#0"},"north":{"uv":[10.8125,0.4375,11.40625,0.9375],"tintindex":0,"rotation":0,"texture":"#0"},"west":{"uv":[11.6875,0.9375,11.9375,1.4375],"tintindex":0,"rotation":0,"texture":"#0"},"up":{"uv":[12.03125,0.6875,11.4375,0.4375],"tintindex":0,"rotation":0,"texture":"#0"},"down":{"uv":[12.03125,0.6875,11.4375,0.9375],"tintindex":0,"rotation":0,"texture":"#0"}},"rotation":{"origin":[-6.0883007,17.840292,10.282715],"angle":22.5,"axis":"x"}},{"from":[6.025367,5.5638924,-5.1591034],"to":[13.505367,11.533596,7.010601],"faces":{"east":{"uv":[10.9375,0.9375,11.6875,1.3125],"tintindex":0,"rotation":0,"texture":"#0"},"south":{"uv":[11.375,5.625,11.84375,6.0],"tintindex":0,"rotation":0,"texture":"#0"},"north":{"uv":[5.375,11.375,5.84375,11.75],"tintindex":0,"rotation":0,"texture":"#0"},"west":{"uv":[10.9375,1.3125,11.6875,1.6875],"tintindex":0,"rotation":0,"texture":"#0"},"up":{"uv":[3.59375,11.5625,3.125,10.8125],"tintindex":0,"rotation":0,"texture":"#0"},"down":{"uv":[4.09375,10.8125,3.625,11.5625],"tintindex":0,"rotation":0,"texture":"#0"}},"rotation":{"origin":[0.8000002,11.721035,20.746273],"angle":-22.5,"axis":"x"}},{"from":[10.321815,-0.6891575,10.914024],"to":[17.79152,3.8805466,17.494022],"faces":{"east":{"uv":[11.6875,7.75,12.09375,8.03125],"tintindex":0,"rotation":0,"texture":"#0"},"south":{"uv":[11.5625,9.6875,12.03125,9.96875],"tintindex":0,"rotation":0,"texture":"#0"},"north":{"uv":[11.5625,8.3125,12.03125,8.59375],"tintindex":0,"rotation":0,"texture":"#0"},"west":{"uv":[1.75,11.75,2.15625,12.03125],"tintindex":0,"rotation":0,"texture":"#0"},"up":{"uv":[9.21875,7.34375,8.75,6.9375],"tintindex":0,"rotation":0,"texture":"#0"},"down":{"uv":[11.71875,2.625,11.25,3.03125],"tintindex":0,"rotation":0,"texture":"#0"}},"rotation":{"origin":[0.8000002,11.721035,20.746273],"angle":22.5,"axis":"y"}}],"display":{"gui":{"rotation":[30,225,0]}}}