{"textures":{"0":"forest_skills:mobs/dragontreefix1"},"elements":[{"from":[6.0,4.5,5.914215],"to":[10.0,8.035534,9.449745],"faces":{"east":{"uv":[12.375,8.9375,12.59375,9.15625],"tintindex":0,"rotation":0,"texture":"#0"},"south":{"uv":[3.75,12.25,4.0,12.46875],"tintindex":0,"rotation":0,"texture":"#0"},"north":{"uv":[3.5,12.25,3.75,12.46875],"tintindex":0,"rotation":0,"texture":"#0"},"west":{"uv":[12.375,9.1875,12.59375,9.40625],"tintindex":0,"rotation":0,"texture":"#0"},"up":{"uv":[4.25,12.46875,4.0,12.25],"tintindex":0,"rotation":0,"texture":"#0"},"down":{"uv":[4.5,12.25,4.25,12.46875],"tintindex":0,"rotation":0,"texture":"#0"}},"rotation":{"origin":[9.0,5.5,6.914215],"angle":45.0,"axis":"x"}},{"from":[5.95,5.5,5.5],"to":[10.05,12.5,10.5],"faces":{"east":{"uv":[3.3125,11.5625,3.625,12.0],"tintindex":0,"rotation":0,"texture":"#0"},"south":{"uv":[5.625,11.75,5.875,12.1875],"tintindex":0,"rotation":0,"texture":"#0"},"north":{"uv":[5.375,11.75,5.625,12.1875],"tintindex":0,"rotation":0,"texture":"#0"},"west":{"uv":[3.625,11.5625,3.9375,12.0],"tintindex":0,"rotation":0,"texture":"#0"},"up":{"uv":[12.1875,1.875,11.9375,1.5625],"tintindex":0,"rotation":0,"texture":"#0"},"down":{"uv":[12.1875,2.9375,11.9375,3.25],"tintindex":0,"rotation":0,"texture":"#0"}}},{"from":[6.0,11.5,5.914215],"to":[10.0,15.035534,9.449745],"faces":{"east":{"uv":[12.375,8.4375,12.59375,8.65625],"tintindex":0,"rotation":0,"texture":"#0"},"south":{"uv":[2.75,12.25,3.0,12.46875],"tintindex":0,"rotation":0,"texture":"#0"},"north":{"uv":[6.125,12.1875,6.375,12.40625],"tintindex":0,"rotation":0,"texture":"#0"},"west":{"uv":[12.375,8.6875,12.59375,8.90625],"tintindex":0,"rotation":0,"texture":"#0"},"up":{"uv":[3.25,12.46875,3.0,12.25],"tintindex":0,"rotation":0,"texture":"#0"},"down":{"uv":[3.5,12.25,3.25,12.46875],"tintindex":0,"rotation":0,"texture":"#0"}},"rotation":{"origin":[9.0,12.5,6.914215],"angle":45.0,"axis":"x"}}],"display":{"gui":{"rotation":[30,225,0]}}}