{"textures":{"0":"forest_skills:mobs/dragontreefix1"},"elements":[{"from":[1.9499998,-2.5401554,4.1904716],"to":[6.05,2.4598446,17.390472],"faces":{"east":{"uv":[11.0625,4.5625,11.875,4.875],"tintindex":0,"rotation":0,"texture":"#0"},"south":{"uv":[11.875,5.4375,12.125,5.75],"tintindex":0,"rotation":0,"texture":"#0"},"north":{"uv":[11.875,5.125,12.125,5.4375],"tintindex":0,"rotation":0,"texture":"#0"},"west":{"uv":[11.0625,4.875,11.875,5.1875],"tintindex":0,"rotation":0,"texture":"#0"},"up":{"uv":[1.5,12.125,1.25,11.3125],"tintindex":0,"rotation":0,"texture":"#0"},"down":{"uv":[1.75,11.3125,1.5,12.125],"tintindex":0,"rotation":0,"texture":"#0"}}},{"from":[2.0,-6.4899035,4.3620453],"to":[6.0,-2.9543686,7.897579],"faces":{"east":{"uv":[1.0,12.375,1.21875,12.59375],"tintindex":0,"rotation":0,"texture":"#0"},"south":{"uv":[12.125,5.0625,12.375,5.28125],"tintindex":0,"rotation":0,"texture":"#0"},"north":{"uv":[12.125,4.8125,12.375,5.03125],"tintindex":0,"rotation":0,"texture":"#0"},"west":{"uv":[1.25,12.375,1.46875,12.59375],"tintindex":0,"rotation":0,"texture":"#0"},"up":{"uv":[12.375,5.53125,12.125,5.3125],"tintindex":0,"rotation":0,"texture":"#0"},"down":{"uv":[12.375,5.5625,12.125,5.78125],"tintindex":0,"rotation":0,"texture":"#0"}},"rotation":{"origin":[4.0,-0.04015541,10.811794],"angle":45.0,"axis":"x"}},{"from":[2.0,2.8740578,13.726006],"to":[6.0,6.4095917,17.26154],"faces":{"east":{"uv":[0.5,12.375,0.71875,12.59375],"tintindex":0,"rotation":0,"texture":"#0"},"south":{"uv":[12.125,4.0625,12.375,4.28125],"tintindex":0,"rotation":0,"texture":"#0"},"north":{"uv":[12.125,2.375,12.375,2.59375],"tintindex":0,"rotation":0,"texture":"#0"},"west":{"uv":[0.75,12.375,0.96875,12.59375],"tintindex":0,"rotation":0,"texture":"#0"},"up":{"uv":[12.375,4.53125,12.125,4.3125],"tintindex":0,"rotation":0,"texture":"#0"},"down":{"uv":[12.375,4.5625,12.125,4.78125],"tintindex":0,"rotation":0,"texture":"#0"}},"rotation":{"origin":[4.0,-0.04015541,10.811794],"angle":45.0,"axis":"x"}},{"from":[1.9499998,4.4598446,4.1904716],"to":[6.05,9.459845,17.390472],"faces":{"east":{"uv":[10.5625,11.0,11.375,11.3125],"tintindex":0,"rotation":0,"texture":"#0"},"south":{"uv":[11.875,4.8125,12.125,5.125],"tintindex":0,"rotation":0,"texture":"#0"},"north":{"uv":[11.875,4.5,12.125,4.8125],"tintindex":0,"rotation":0,"texture":"#0"},"west":{"uv":[11.0625,4.25,11.875,4.5625],"tintindex":0,"rotation":0,"texture":"#0"},"up":{"uv":[1.0,12.125,0.75,11.3125],"tintindex":0,"rotation":0,"texture":"#0"},"down":{"uv":[1.25,11.3125,1.0,12.125],"tintindex":0,"rotation":0,"texture":"#0"}},"rotation":{"origin":[4.0,6.9598446,10.811794],"angle":-22.5,"axis":"x"}},{"from":[2.0,17.874058,13.726006],"to":[6.0,21.409592,17.26154],"faces":{"east":{"uv":[12.3125,10.8125,12.53125,11.03125],"tintindex":0,"rotation":0,"texture":"#0"},"south":{"uv":[12.0625,9.5625,12.3125,9.78125],"tintindex":0,"rotation":0,"texture":"#0"},"north":{"uv":[9.3125,12.0625,9.5625,12.28125],"tintindex":0,"rotation":0,"texture":"#0"},"west":{"uv":[12.3125,11.0625,12.53125,11.28125],"tintindex":0,"rotation":0,"texture":"#0"},"up":{"uv":[10.125,12.28125,9.875,12.0625],"tintindex":0,"rotation":0,"texture":"#0"},"down":{"uv":[12.3125,11.0,12.0625,11.21875],"tintindex":0,"rotation":0,"texture":"#0"}}},{"from":[2.0,9.874058,13.726006],"to":[6.0,13.409592,17.26154],"faces":{"east":{"uv":[12.3125,11.8125,12.53125,12.03125],"tintindex":0,"rotation":0,"texture":"#0"},"south":{"uv":[12.125,0.0,12.375,0.21875],"tintindex":0,"rotation":0,"texture":"#0"},"north":{"uv":[0.0,12.125,0.25,12.34375],"tintindex":0,"rotation":0,"texture":"#0"},"west":{"uv":[0.0,12.375,0.21875,12.59375],"tintindex":0,"rotation":0,"texture":"#0"},"up":{"uv":[0.5,12.34375,0.25,12.125],"tintindex":0,"rotation":0,"texture":"#0"},"down":{"uv":[0.75,12.125,0.5,12.34375],"tintindex":0,"rotation":0,"texture":"#0"}},"rotation":{"origin":[4.0,6.9598446,10.811794],"angle":22.5,"axis":"x"}},{"from":[2.0,15.050253,2.050251],"to":[6.0,18.585787,5.585785],"faces":{"east":{"uv":[12.3125,9.5625,12.53125,9.78125],"tintindex":0,"rotation":0,"texture":"#0"},"south":{"uv":[7.8125,12.0625,8.0625,12.28125],"tintindex":0,"rotation":0,"texture":"#0"},"north":{"uv":[7.5625,12.0625,7.8125,12.28125],"tintindex":0,"rotation":0,"texture":"#0"},"west":{"uv":[9.8125,12.3125,10.03125,12.53125],"tintindex":0,"rotation":0,"texture":"#0"},"up":{"uv":[12.3125,8.53125,12.0625,8.3125],"tintindex":0,"rotation":0,"texture":"#0"},"down":{"uv":[9.3125,12.0625,9.0625,12.28125],"tintindex":0,"rotation":0,"texture":"#0"}},"rotation":{"origin":[4.0,20.0,7.0],"angle":-22.5,"axis":"x"}},{"from":[2.0,0.510097,4.3620453],"to":[6.0,4.0456305,7.897579],"faces":{"east":{"uv":[12.375,0.0,12.59375,0.21875],"tintindex":0,"rotation":0,"texture":"#0"},"south":{"uv":[1.0,12.125,1.25,12.34375],"tintindex":0,"rotation":0,"texture":"#0"},"north":{"uv":[0.75,12.125,1.0,12.34375],"tintindex":0,"rotation":0,"texture":"#0"},"west":{"uv":[0.25,12.375,0.46875,12.59375],"tintindex":0,"rotation":0,"texture":"#0"},"up":{"uv":[1.5,12.34375,1.25,12.125],"tintindex":0,"rotation":0,"texture":"#0"},"down":{"uv":[1.75,12.125,1.5,12.34375],"tintindex":0,"rotation":0,"texture":"#0"}},"rotation":{"origin":[4.0,6.9598446,10.811794],"angle":22.5,"axis":"x"}},{"from":[2.0,24.414213,11.414211],"to":[6.0,27.949749,14.949745],"faces":{"east":{"uv":[9.0625,12.3125,9.28125,12.53125],"tintindex":0,"rotation":0,"texture":"#0"},"south":{"uv":[12.0625,3.8125,12.3125,4.03125],"tintindex":0,"rotation":0,"texture":"#0"},"north":{"uv":[12.0625,3.5625,12.3125,3.78125],"tintindex":0,"rotation":0,"texture":"#0"},"west":{"uv":[9.3125,12.3125,9.53125,12.53125],"tintindex":0,"rotation":0,"texture":"#0"},"up":{"uv":[12.3125,6.21875,12.0625,6.0],"tintindex":0,"rotation":0,"texture":"#0"},"down":{"uv":[12.3125,6.9375,12.0625,7.15625],"tintindex":0,"rotation":0,"texture":"#0"}},"rotation":{"origin":[4.0,20.0,7.0],"angle":-22.5,"axis":"x"}},{"from":[2.0,8.510097,4.3620453],"to":[6.0,12.045631,7.897579],"faces":{"east":{"uv":[12.3125,11.3125,12.53125,11.53125],"tintindex":0,"rotation":0,"texture":"#0"},"south":{"uv":[12.0625,11.5,12.3125,11.71875],"tintindex":0,"rotation":0,"texture":"#0"},"north":{"uv":[12.0625,11.25,12.3125,11.46875],"tintindex":0,"rotation":0,"texture":"#0"},"west":{"uv":[12.3125,11.5625,12.53125,11.78125],"tintindex":0,"rotation":0,"texture":"#0"},"up":{"uv":[12.3125,11.96875,12.0625,11.75],"tintindex":0,"rotation":0,"texture":"#0"},"down":{"uv":[12.3125,12.0,12.0625,12.21875],"tintindex":0,"rotation":0,"texture":"#0"}}},{"from":[1.9499998,15.5,4.5],"to":[6.05,28.7,9.5],"faces":{"east":{"uv":[9.9375,10.75,10.25,11.5625],"tintindex":0,"rotation":0,"texture":"#0"},"south":{"uv":[0.0,11.3125,0.25,12.125],"tintindex":0,"rotation":0,"texture":"#0"},"north":{"uv":[6.5,10.875,6.75,11.6875],"tintindex":0,"rotation":0,"texture":"#0"},"west":{"uv":[7.25,10.8125,7.5625,11.625],"tintindex":0,"rotation":0,"texture":"#0"},"up":{"uv":[10.4375,12.125,10.1875,11.8125],"tintindex":0,"rotation":0,"texture":"#0"},"down":{"uv":[11.8125,11.8125,11.5625,12.125],"tintindex":0,"rotation":0,"texture":"#0"}},"rotation":{"origin":[4.0,20.0,7.0],"angle":22.5,"axis":"x"}},{"from":[1.9499998,8.338524,8.311794],"to":[6.05,21.538525,13.311794],"faces":{"east":{"uv":[11.0,9.25,11.3125,10.0625],"tintindex":0,"rotation":0,"texture":"#0"},"south":{"uv":[0.5,11.3125,0.75,12.125],"tintindex":0,"rotation":0,"texture":"#0"},"north":{"uv":[0.25,11.3125,0.5,12.125],"tintindex":0,"rotation":0,"texture":"#0"},"west":{"uv":[10.25,11.0,10.5625,11.8125],"tintindex":0,"rotation":0,"texture":"#0"},"up":{"uv":[12.0625,12.125,11.8125,11.8125],"tintindex":0,"rotation":0,"texture":"#0"},"down":{"uv":[12.125,4.1875,11.875,4.5],"tintindex":0,"rotation":0,"texture":"#0"}},"rotation":{"origin":[4.0,14.959845,10.811794],"angle":45.0,"axis":"x"}}],"display":{"gui":{"rotation":[30,225,0]}}}