{"textures":{"0":"forest_skills:mobs/dragontreefix1"},"elements":[{"from":[3.25,-0.4379797,2.695135],"to":[12.75,8.18202,9.895134],"faces":{"east":{"uv":[2.25,6.375,3.15625,7.4375],"tintindex":0,"rotation":0,"texture":"#0"},"south":{"uv":[9.75,1.0625,10.9375,2.125],"tintindex":0,"rotation":0,"texture":"#0"},"north":{"uv":[9.625,0.0,10.8125,1.0625],"tintindex":0,"rotation":0,"texture":"#0"},"west":{"uv":[1.3125,8.5,2.21875,9.5625],"tintindex":0,"rotation":0,"texture":"#0"},"up":{"uv":[10.25,10.71875,9.0625,9.8125],"tintindex":0,"rotation":0,"texture":"#0"},"down":{"uv":[11.0625,4.3125,9.875,5.21875],"tintindex":0,"rotation":0,"texture":"#0"}},"rotation":{"origin":[8.0,1.8720202,7.2951355],"angle":22.5,"axis":"x"}},{"from":[3.1999998,5.3120203,-1.4548645],"to":[12.8,10.132021,5.7451344],"faces":{"east":{"uv":[0.0,10.6875,0.90625,11.28125],"tintindex":0,"rotation":0,"texture":"#0"},"south":{"uv":[9.875,6.3125,11.0625,6.90625],"tintindex":0,"rotation":0,"texture":"#0"},"north":{"uv":[9.3125,8.0625,10.5,8.65625],"tintindex":0,"rotation":0,"texture":"#0"},"west":{"uv":[0.9375,10.6875,1.84375,11.28125],"tintindex":0,"rotation":0,"texture":"#0"},"up":{"uv":[10.9375,4.28125,9.75,3.375],"tintindex":0,"rotation":0,"texture":"#0"},"down":{"uv":[9.0625,9.8125,7.875,10.71875],"tintindex":0,"rotation":0,"texture":"#0"}}},{"from":[4.45,9.0123625,-0.43609238],"to":[11.55,14.332363,6.2639084],"faces":{"east":{"uv":[10.4375,6.9375,11.28125,7.59375],"tintindex":0,"rotation":0,"texture":"#0"},"south":{"uv":[10.375,2.125,11.25,2.78125],"tintindex":0,"rotation":0,"texture":"#0"},"north":{"uv":[10.25,10.3125,11.125,10.96875],"tintindex":0,"rotation":0,"texture":"#0"},"west":{"uv":[10.5,7.625,11.34375,8.28125],"tintindex":0,"rotation":0,"texture":"#0"},"up":{"uv":[4.0,10.78125,3.125,9.9375],"tintindex":0,"rotation":0,"texture":"#0"},"down":{"uv":[4.875,9.9375,4.0,10.78125],"tintindex":0,"rotation":0,"texture":"#0"}},"rotation":{"origin":[8.75,11.922363,2.663908],"angle":-45.0,"axis":"x"}},{"from":[2.0,2.3120203,3.145134],"to":[14.0,10.93202,13.345135],"faces":{"east":{"uv":[8.0,7.625,9.28125,8.6875],"tintindex":0,"rotation":0,"texture":"#0"},"south":{"uv":[4.875,7.75,6.375,8.8125],"tintindex":0,"rotation":0,"texture":"#0"},"north":{"uv":[3.375,7.75,4.875,8.8125],"tintindex":0,"rotation":0,"texture":"#0"},"west":{"uv":[0.0,8.5,1.28125,9.5625],"tintindex":0,"rotation":0,"texture":"#0"},"up":{"uv":[8.0,8.90625,6.5,7.625],"tintindex":0,"rotation":0,"texture":"#0"},"down":{"uv":[9.25,2.25,7.75,3.53125],"tintindex":0,"rotation":0,"texture":"#0"}},"rotation":{"origin":[6.77,3.834446,0.8875618],"angle":-22.5,"axis":"x"}},{"from":[5.63,5.05202,-0.25486374],"to":[10.37,11.632021,5.565134],"faces":{"east":{"uv":[10.25,8.6875,10.96875,9.5],"tintindex":0,"rotation":0,"texture":"#0"},"south":{"uv":[2.5,10.6875,3.09375,11.5],"tintindex":0,"rotation":0,"texture":"#0"},"north":{"uv":[1.875,10.6875,2.46875,11.5],"tintindex":0,"rotation":0,"texture":"#0"},"west":{"uv":[10.25,9.5,10.96875,10.3125],"tintindex":0,"rotation":0,"texture":"#0"},"up":{"uv":[11.34375,5.96875,10.75,5.25],"tintindex":0,"rotation":0,"texture":"#0"},"down":{"uv":[8.15625,10.75,7.5625,11.46875],"tintindex":0,"rotation":0,"texture":"#0"}},"rotation":{"origin":[6.2,-2.165554,-1.1124382],"angle":-45.0,"axis":"x"}},{"from":[4.23,8.452021,-4.4548645],"to":[11.77,14.532021,1.9151344],"faces":{"east":{"uv":[7.75,3.5625,8.53125,4.3125],"tintindex":0,"rotation":0,"texture":"#0"},"south":{"uv":[0.0,7.75,0.9375,8.5],"tintindex":0,"rotation":0,"texture":"#0"},"north":{"uv":[1.125,5.625,2.0625,6.375],"tintindex":0,"rotation":0,"texture":"#0"},"west":{"uv":[6.75,10.0625,7.53125,10.8125],"tintindex":0,"rotation":0,"texture":"#0"},"up":{"uv":[5.8125,10.84375,4.875,10.0625],"tintindex":0,"rotation":0,"texture":"#0"},"down":{"uv":[6.75,10.0625,5.8125,10.84375],"tintindex":0,"rotation":0,"texture":"#0"}},"rotation":{"origin":[6.7999997,2.3344464,8.38756],"angle":-22.5,"axis":"x"}}],"display":{"gui":{"rotation":[30,225,0]}}}