{"textures":{"0":"forest_skills:mobs/dragontreefix1"},"elements":[{"from":[6.0,1.5,5.914215],"to":[10.0,5.035534,9.449753],"faces":{"east":{"uv":[11.5625,12.375,11.78125,12.59375],"tintindex":0,"rotation":0,"texture":"#0"},"south":{"uv":[12.125,12.25,12.375,12.46875],"tintindex":0,"rotation":0,"texture":"#0"},"north":{"uv":[11.875,12.25,12.125,12.46875],"tintindex":0,"rotation":0,"texture":"#0"},"west":{"uv":[12.375,12.0625,12.59375,12.28125],"tintindex":0,"rotation":0,"texture":"#0"},"up":{"uv":[12.5625,0.46875,12.3125,0.25],"tintindex":0,"rotation":0,"texture":"#0"},"down":{"uv":[12.5625,0.5,12.3125,0.71875],"tintindex":0,"rotation":0,"texture":"#0"}},"rotation":{"origin":[7.0,2.5,6.914215],"angle":45.0,"axis":"x"}},{"from":[5.95,2.5,5.5],"to":[10.05,9.5,10.5],"faces":{"east":{"uv":[6.75,11.5625,7.0625,12.0],"tintindex":0,"rotation":0,"texture":"#0"},"south":{"uv":[11.75,10.4375,12.0,10.875],"tintindex":0,"rotation":0,"texture":"#0"},"north":{"uv":[11.75,10.0,12.0,10.4375],"tintindex":0,"rotation":0,"texture":"#0"},"west":{"uv":[11.5625,9.25,11.875,9.6875],"tintindex":0,"rotation":0,"texture":"#0"},"up":{"uv":[7.5625,12.25,7.3125,11.9375],"tintindex":0,"rotation":0,"texture":"#0"},"down":{"uv":[9.875,11.9375,9.625,12.25],"tintindex":0,"rotation":0,"texture":"#0"}}},{"from":[6.0,8.5,5.914215],"to":[10.0,12.035534,9.449753],"faces":{"east":{"uv":[11.0625,12.375,11.28125,12.59375],"tintindex":0,"rotation":0,"texture":"#0"},"south":{"uv":[12.25,10.0625,12.5,10.28125],"tintindex":0,"rotation":0,"texture":"#0"},"north":{"uv":[12.25,9.8125,12.5,10.03125],"tintindex":0,"rotation":0,"texture":"#0"},"west":{"uv":[11.3125,12.375,11.53125,12.59375],"tintindex":0,"rotation":0,"texture":"#0"},"up":{"uv":[12.5,10.53125,12.25,10.3125],"tintindex":0,"rotation":0,"texture":"#0"},"down":{"uv":[12.5,10.5625,12.25,10.78125],"tintindex":0,"rotation":0,"texture":"#0"}},"rotation":{"origin":[7.0,9.5,6.914215],"angle":45.0,"axis":"x"}}],"display":{"gui":{"rotation":[30,225,0]}}}