{"textures":{"0":"forest_skills:mobs/dragontreefix1"},"elements":[{"from":[5.95,3.5,5.5],"to":[10.05,12.5,10.5],"faces":{"east":{"uv":[7.5625,10.0625,7.875,10.625],"tintindex":0,"rotation":0,"texture":"#0"},"south":{"uv":[7.8125,11.5,8.0625,12.0625],"tintindex":0,"rotation":0,"texture":"#0"},"north":{"uv":[7.5625,11.5,7.8125,12.0625],"tintindex":0,"rotation":0,"texture":"#0"},"west":{"uv":[11.375,7.75,11.6875,8.3125],"tintindex":0,"rotation":0,"texture":"#0"},"up":{"uv":[3.375,9.9375,3.125,9.625],"tintindex":0,"rotation":0,"texture":"#0"},"down":{"uv":[12.0,10.875,11.75,11.1875],"tintindex":0,"rotation":0,"texture":"#0"}}},{"from":[6.0,2.5,5.914215],"to":[10.0,6.035534,9.449745],"faces":{"east":{"uv":[2.0,12.3125,2.21875,12.53125],"tintindex":0,"rotation":0,"texture":"#0"},"south":{"uv":[3.875,12.0,4.125,12.21875],"tintindex":0,"rotation":0,"texture":"#0"},"north":{"uv":[3.625,12.0,3.875,12.21875],"tintindex":0,"rotation":0,"texture":"#0"},"west":{"uv":[12.3125,2.0625,12.53125,2.28125],"tintindex":0,"rotation":0,"texture":"#0"},"up":{"uv":[4.375,12.21875,4.125,12.0],"tintindex":0,"rotation":0,"texture":"#0"},"down":{"uv":[4.625,12.0,4.375,12.21875],"tintindex":0,"rotation":0,"texture":"#0"}},"rotation":{"origin":[7.0,3.5,6.914215],"angle":45.0,"axis":"x"}},{"from":[6.0,11.5,5.914215],"to":[10.0,15.035534,9.449745],"faces":{"east":{"uv":[1.75,12.3125,1.96875,12.53125],"tintindex":0,"rotation":0,"texture":"#0"},"south":{"uv":[2.875,12.0,3.125,12.21875],"tintindex":0,"rotation":0,"texture":"#0"},"north":{"uv":[11.875,5.75,12.125,5.96875],"tintindex":0,"rotation":0,"texture":"#0"},"west":{"uv":[12.3125,1.8125,12.53125,2.03125],"tintindex":0,"rotation":0,"texture":"#0"},"up":{"uv":[3.375,12.21875,3.125,12.0],"tintindex":0,"rotation":0,"texture":"#0"},"down":{"uv":[3.625,12.0,3.375,12.21875],"tintindex":0,"rotation":0,"texture":"#0"}},"rotation":{"origin":[7.0,12.5,6.914215],"angle":45.0,"axis":"x"}}],"display":{"gui":{"rotation":[30,225,0]}}}