{"textures":{"0":"forest_skills:mobs/dragontreefix1"},"elements":[{"from":[6.0,11.5,5.914215],"to":[10.0,15.035534,9.449745],"faces":{"east":{"uv":[12.3125,6.75,12.53125,6.96875],"tintindex":0,"rotation":0,"texture":"#0"},"south":{"uv":[12.0625,0.3125,12.3125,0.53125],"tintindex":0,"rotation":0,"texture":"#0"},"north":{"uv":[12.0,10.75,12.25,10.96875],"tintindex":0,"rotation":0,"texture":"#0"},"west":{"uv":[7.375,12.3125,7.59375,12.53125],"tintindex":0,"rotation":0,"texture":"#0"},"up":{"uv":[12.3125,0.78125,12.0625,0.5625],"tintindex":0,"rotation":0,"texture":"#0"},"down":{"uv":[2.0,12.0625,1.75,12.28125],"tintindex":0,"rotation":0,"texture":"#0"}},"rotation":{"origin":[9.0,12.5,6.914215],"angle":45.0,"axis":"x"}},{"from":[5.95,3.5,5.5],"to":[10.05,12.5,10.5],"faces":{"east":{"uv":[11.4375,10.0625,11.75,10.625],"tintindex":0,"rotation":0,"texture":"#0"},"south":{"uv":[9.375,11.5,9.625,12.0625],"tintindex":0,"rotation":0,"texture":"#0"},"north":{"uv":[9.125,11.5,9.375,12.0625],"tintindex":0,"rotation":0,"texture":"#0"},"west":{"uv":[11.4375,10.625,11.75,11.1875],"tintindex":0,"rotation":0,"texture":"#0"},"up":{"uv":[12.0625,6.3125,11.8125,6.0],"tintindex":0,"rotation":0,"texture":"#0"},"down":{"uv":[12.0625,6.9375,11.8125,7.25],"tintindex":0,"rotation":0,"texture":"#0"}}},{"from":[6.0,2.5,5.914215],"to":[10.0,6.035534,9.449745],"faces":{"east":{"uv":[7.625,12.3125,7.84375,12.53125],"tintindex":0,"rotation":0,"texture":"#0"},"south":{"uv":[2.0,12.0625,2.25,12.28125],"tintindex":0,"rotation":0,"texture":"#0"},"north":{"uv":[12.0625,1.875,12.3125,2.09375],"tintindex":0,"rotation":0,"texture":"#0"},"west":{"uv":[12.3125,8.1875,12.53125,8.40625],"tintindex":0,"rotation":0,"texture":"#0"},"up":{"uv":[12.3125,2.34375,12.0625,2.125],"tintindex":0,"rotation":0,"texture":"#0"},"down":{"uv":[2.5,12.0625,2.25,12.28125],"tintindex":0,"rotation":0,"texture":"#0"}},"rotation":{"origin":[9.0,3.5,6.914215],"angle":45.0,"axis":"x"}}],"display":{"gui":{"rotation":[30,225,0]}}}