{"textures":{"0":"forest_skills:mobs/dragontreefix1"},"elements":[{"from":[5.95,2.5,5.5],"to":[10.05,9.5,10.5],"faces":{"east":{"uv":[9.625,11.5,9.9375,11.9375],"tintindex":0,"rotation":0,"texture":"#0"},"south":{"uv":[2.625,11.75,2.875,12.1875],"tintindex":0,"rotation":0,"texture":"#0"},"north":{"uv":[6.375,11.6875,6.625,12.125],"tintindex":0,"rotation":0,"texture":"#0"},"west":{"uv":[3.0,11.5625,3.3125,12.0],"tintindex":0,"rotation":0,"texture":"#0"},"up":{"uv":[12.0625,3.875,11.8125,3.5625],"tintindex":0,"rotation":0,"texture":"#0"},"down":{"uv":[12.0625,3.875,11.8125,4.1875],"tintindex":0,"rotation":0,"texture":"#0"}}},{"from":[6.0,1.5,5.914215],"to":[10.0,5.035534,9.449753],"faces":{"east":{"uv":[12.3125,3.625,12.53125,3.84375],"tintindex":0,"rotation":0,"texture":"#0"},"south":{"uv":[12.0,10.0,12.25,10.21875],"tintindex":0,"rotation":0,"texture":"#0"},"north":{"uv":[8.8125,12.0,9.0625,12.21875],"tintindex":0,"rotation":0,"texture":"#0"},"west":{"uv":[12.3125,5.8125,12.53125,6.03125],"tintindex":0,"rotation":0,"texture":"#0"},"up":{"uv":[12.25,10.46875,12.0,10.25],"tintindex":0,"rotation":0,"texture":"#0"},"down":{"uv":[12.25,10.5,12.0,10.71875],"tintindex":0,"rotation":0,"texture":"#0"}},"rotation":{"origin":[9.0,2.5,6.914215],"angle":45.0,"axis":"x"}},{"from":[6.0,8.5,5.914215],"to":[10.0,12.035534,9.449753],"faces":{"east":{"uv":[2.25,12.3125,2.46875,12.53125],"tintindex":0,"rotation":0,"texture":"#0"},"south":{"uv":[8.0625,12.0,8.3125,12.21875],"tintindex":0,"rotation":0,"texture":"#0"},"north":{"uv":[6.625,12.0,6.875,12.21875],"tintindex":0,"rotation":0,"texture":"#0"},"west":{"uv":[12.3125,3.375,12.53125,3.59375],"tintindex":0,"rotation":0,"texture":"#0"},"up":{"uv":[8.5625,12.21875,8.3125,12.0],"tintindex":0,"rotation":0,"texture":"#0"},"down":{"uv":[8.8125,12.0,8.5625,12.21875],"tintindex":0,"rotation":0,"texture":"#0"}},"rotation":{"origin":[9.0,9.5,6.914215],"angle":45.0,"axis":"x"}}],"display":{"gui":{"rotation":[30,225,0]}}}