{"textures":{"0":"forest_skills:mobs/dragontreefix1"},"elements":[{"from":[1.0,0.89257574,-4.9481087],"to":[15.0,6.1325755,11.551891],"faces":{"east":{"uv":[10.5,8.3125,11.53125,8.625],"tintindex":0,"rotation":0,"texture":"#0"},"south":{"uv":[10.9375,3.9375,11.8125,4.25],"tintindex":0,"rotation":0,"texture":"#0"},"north":{"uv":[10.9375,3.625,11.8125,3.9375],"tintindex":0,"rotation":0,"texture":"#0"},"west":{"uv":[10.75,6.0,11.78125,6.3125],"tintindex":0,"rotation":0,"texture":"#0"},"up":{"uv":[3.125,10.65625,2.25,9.625],"tintindex":0,"rotation":0,"texture":"#0"},"down":{"uv":[10.75,5.25,9.875,6.28125],"tintindex":0,"rotation":0,"texture":"#0"}}},{"from":[1.0500002,6.984046,-9.832523],"to":[14.95,10.984046,-3.4325218],"faces":{"east":{"uv":[8.75,7.375,9.15625,7.625],"tintindex":0,"rotation":0,"texture":"#0"},"south":{"uv":[11.25,2.375,12.125,2.625],"tintindex":0,"rotation":0,"texture":"#0"},"north":{"uv":[3.375,7.5,4.25,7.75],"tintindex":0,"rotation":0,"texture":"#0"},"west":{"uv":[11.6875,8.0625,12.09375,8.3125],"tintindex":0,"rotation":0,"texture":"#0"},"up":{"uv":[9.9375,11.15625,9.0625,10.75],"tintindex":0,"rotation":0,"texture":"#0"},"down":{"uv":[11.6875,0.0,10.8125,0.40625],"tintindex":0,"rotation":0,"texture":"#0"}},"rotation":{"origin":[8.0,3.0,-2.0000038],"angle":-22.5,"axis":"x"}},{"from":[1.0500002,1.7440462,-9.832523],"to":[14.95,6.984046,-3.4325218],"faces":{"east":{"uv":[7.0625,11.625,7.46875,11.9375],"tintindex":0,"rotation":0,"texture":"#0"},"south":{"uv":[11.0,8.9375,11.875,9.25],"tintindex":0,"rotation":0,"texture":"#0"},"north":{"uv":[11.0,8.625,11.875,8.9375],"tintindex":0,"rotation":0,"texture":"#0"},"west":{"uv":[11.6875,0.0,12.09375,0.3125],"tintindex":0,"rotation":0,"texture":"#0"},"up":{"uv":[11.25,3.21875,10.375,2.8125],"tintindex":0,"rotation":0,"texture":"#0"},"down":{"uv":[9.0625,10.75,8.1875,11.15625],"tintindex":0,"rotation":0,"texture":"#0"}},"rotation":{"origin":[8.0,3.0,-2.0000038],"angle":-22.5,"axis":"x"}}],"display":{"gui":{"rotation":[30,225,0]}}}