{"textures":{"0":"forest_skills:mobs/dragontreefix1"},"elements":[{"from":[9.95,4.4598446,4.1904716],"to":[14.05,9.459845,17.390472],"faces":{"east":{"uv":[11.0625,6.3125,11.875,6.625],"tintindex":0,"rotation":0,"texture":"#0"},"south":{"uv":[11.875,9.25,12.125,9.5625],"tintindex":0,"rotation":0,"texture":"#0"},"north":{"uv":[11.875,8.9375,12.125,9.25],"tintindex":0,"rotation":0,"texture":"#0"},"west":{"uv":[11.0625,6.625,11.875,6.9375],"tintindex":0,"rotation":0,"texture":"#0"},"up":{"uv":[11.5625,12.125,11.3125,11.3125],"tintindex":0,"rotation":0,"texture":"#0"},"down":{"uv":[4.875,11.375,4.625,12.1875],"tintindex":0,"rotation":0,"texture":"#0"}},"rotation":{"origin":[12.0,6.9598446,10.811794],"angle":-22.5,"axis":"x"}},{"from":[9.95,-2.5401554,4.1904716],"to":[14.05,2.4598446,17.390472],"faces":{"east":{"uv":[9.125,11.1875,9.9375,11.5],"tintindex":0,"rotation":0,"texture":"#0"},"south":{"uv":[11.9375,1.25,12.1875,1.5625],"tintindex":0,"rotation":0,"texture":"#0"},"north":{"uv":[11.9375,0.9375,12.1875,1.25],"tintindex":0,"rotation":0,"texture":"#0"},"west":{"uv":[11.25,2.0625,12.0625,2.375],"tintindex":0,"rotation":0,"texture":"#0"},"up":{"uv":[5.125,12.1875,4.875,11.375],"tintindex":0,"rotation":0,"texture":"#0"},"down":{"uv":[5.375,11.375,5.125,12.1875],"tintindex":0,"rotation":0,"texture":"#0"}}},{"from":[9.95,8.338524,8.311794],"to":[14.05,21.538525,13.311794],"faces":{"east":{"uv":[8.5,11.1875,8.8125,12.0],"tintindex":0,"rotation":0,"texture":"#0"},"south":{"uv":[11.0625,11.3125,11.3125,12.125],"tintindex":0,"rotation":0,"texture":"#0"},"north":{"uv":[10.8125,11.3125,11.0625,12.125],"tintindex":0,"rotation":0,"texture":"#0"},"west":{"uv":[8.8125,11.1875,9.125,12.0],"tintindex":0,"rotation":0,"texture":"#0"},"up":{"uv":[12.125,7.5625,11.875,7.25],"tintindex":0,"rotation":0,"texture":"#0"},"down":{"uv":[12.125,8.625,11.875,8.9375],"tintindex":0,"rotation":0,"texture":"#0"}},"rotation":{"origin":[12.0,14.959845,10.811794],"angle":45.0,"axis":"x"}},{"from":[10.0,-6.4899035,4.3620453],"to":[14.0,-2.9543686,7.897579],"faces":{"east":{"uv":[12.375,7.5,12.59375,7.71875],"tintindex":0,"rotation":0,"texture":"#0"},"south":{"uv":[5.375,12.1875,5.625,12.40625],"tintindex":0,"rotation":0,"texture":"#0"},"north":{"uv":[5.125,12.1875,5.375,12.40625],"tintindex":0,"rotation":0,"texture":"#0"},"west":{"uv":[12.375,7.75,12.59375,7.96875],"tintindex":0,"rotation":0,"texture":"#0"},"up":{"uv":[5.875,12.40625,5.625,12.1875],"tintindex":0,"rotation":0,"texture":"#0"},"down":{"uv":[6.125,12.1875,5.875,12.40625],"tintindex":0,"rotation":0,"texture":"#0"}},"rotation":{"origin":[12.0,-0.04015541,10.811794],"angle":45.0,"axis":"x"}},{"from":[10.0,24.414213,11.414211],"to":[14.0,27.949749,14.949745],"faces":{"east":{"uv":[1.5,12.375,1.71875,12.59375],"tintindex":0,"rotation":0,"texture":"#0"},"south":{"uv":[6.375,12.125,6.625,12.34375],"tintindex":0,"rotation":0,"texture":"#0"},"north":{"uv":[12.125,6.25,12.375,6.46875],"tintindex":0,"rotation":0,"texture":"#0"},"west":{"uv":[12.375,2.3125,12.59375,2.53125],"tintindex":0,"rotation":0,"texture":"#0"},"up":{"uv":[12.375,6.71875,12.125,6.5],"tintindex":0,"rotation":0,"texture":"#0"},"down":{"uv":[12.375,7.1875,12.125,7.40625],"tintindex":0,"rotation":0,"texture":"#0"}},"rotation":{"origin":[12.0,20.0,7.0],"angle":-22.5,"axis":"x"}},{"from":[10.0,8.510097,4.3620453],"to":[14.0,12.045631,7.897579],"faces":{"east":{"uv":[12.375,4.875,12.59375,5.09375],"tintindex":0,"rotation":0,"texture":"#0"},"south":{"uv":[10.625,12.125,10.875,12.34375],"tintindex":0,"rotation":0,"texture":"#0"},"north":{"uv":[10.375,12.125,10.625,12.34375],"tintindex":0,"rotation":0,"texture":"#0"},"west":{"uv":[12.375,5.125,12.59375,5.34375],"tintindex":0,"rotation":0,"texture":"#0"},"up":{"uv":[11.125,12.34375,10.875,12.125],"tintindex":0,"rotation":0,"texture":"#0"},"down":{"uv":[11.375,12.125,11.125,12.34375],"tintindex":0,"rotation":0,"texture":"#0"}}},{"from":[10.0,15.050253,2.050251],"to":[14.0,18.585787,5.585785],"faces":{"east":{"uv":[12.375,3.875,12.59375,4.09375],"tintindex":0,"rotation":0,"texture":"#0"},"south":{"uv":[12.125,7.6875,12.375,7.90625],"tintindex":0,"rotation":0,"texture":"#0"},"north":{"uv":[12.125,7.4375,12.375,7.65625],"tintindex":0,"rotation":0,"texture":"#0"},"west":{"uv":[12.375,4.125,12.59375,4.34375],"tintindex":0,"rotation":0,"texture":"#0"},"up":{"uv":[12.375,8.15625,12.125,7.9375],"tintindex":0,"rotation":0,"texture":"#0"},"down":{"uv":[12.375,8.5625,12.125,8.78125],"tintindex":0,"rotation":0,"texture":"#0"}},"rotation":{"origin":[12.0,20.0,7.0],"angle":-22.5,"axis":"x"}},{"from":[10.0,0.510097,4.3620453],"to":[14.0,4.0456305,7.897579],"faces":{"east":{"uv":[12.375,6.3125,12.59375,6.53125],"tintindex":0,"rotation":0,"texture":"#0"},"south":{"uv":[12.1875,1.5625,12.4375,1.78125],"tintindex":0,"rotation":0,"texture":"#0"},"north":{"uv":[12.1875,1.3125,12.4375,1.53125],"tintindex":0,"rotation":0,"texture":"#0"},"west":{"uv":[6.375,12.375,6.59375,12.59375],"tintindex":0,"rotation":0,"texture":"#0"},"up":{"uv":[2.75,12.40625,2.5,12.1875],"tintindex":0,"rotation":0,"texture":"#0"},"down":{"uv":[12.4375,2.625,12.1875,2.84375],"tintindex":0,"rotation":0,"texture":"#0"}},"rotation":{"origin":[12.0,6.9598446,10.811794],"angle":22.5,"axis":"x"}},{"from":[10.0,2.8740578,13.726006],"to":[14.0,6.4095917,17.26154],"faces":{"east":{"uv":[12.375,7.0,12.59375,7.21875],"tintindex":0,"rotation":0,"texture":"#0"},"south":{"uv":[12.1875,3.125,12.4375,3.34375],"tintindex":0,"rotation":0,"texture":"#0"},"north":{"uv":[12.1875,2.875,12.4375,3.09375],"tintindex":0,"rotation":0,"texture":"#0"},"west":{"uv":[12.375,7.25,12.59375,7.46875],"tintindex":0,"rotation":0,"texture":"#0"},"up":{"uv":[4.875,12.40625,4.625,12.1875],"tintindex":0,"rotation":0,"texture":"#0"},"down":{"uv":[5.125,12.1875,4.875,12.40625],"tintindex":0,"rotation":0,"texture":"#0"}},"rotation":{"origin":[12.0,-0.04015541,10.811794],"angle":45.0,"axis":"x"}},{"from":[9.95,15.5,4.5],"to":[14.05,28.7,9.5],"faces":{"east":{"uv":[11.125,10.0625,11.4375,10.875],"tintindex":0,"rotation":0,"texture":"#0"},"south":{"uv":[10.5625,11.3125,10.8125,12.125],"tintindex":0,"rotation":0,"texture":"#0"},"north":{"uv":[11.3125,9.25,11.5625,10.0625],"tintindex":0,"rotation":0,"texture":"#0"},"west":{"uv":[8.1875,11.1875,8.5,12.0],"tintindex":0,"rotation":0,"texture":"#0"},"up":{"uv":[12.125,6.625,11.875,6.3125],"tintindex":0,"rotation":0,"texture":"#0"},"down":{"uv":[12.125,6.625,11.875,6.9375],"tintindex":0,"rotation":0,"texture":"#0"}},"rotation":{"origin":[12.0,20.0,7.0],"angle":22.5,"axis":"x"}},{"from":[10.0,9.874058,13.726006],"to":[14.0,13.409592,17.26154],"faces":{"east":{"uv":[12.375,5.375,12.59375,5.59375],"tintindex":0,"rotation":0,"texture":"#0"},"south":{"uv":[11.625,12.125,11.875,12.34375],"tintindex":0,"rotation":0,"texture":"#0"},"north":{"uv":[11.375,12.125,11.625,12.34375],"tintindex":0,"rotation":0,"texture":"#0"},"west":{"uv":[12.375,6.0625,12.59375,6.28125],"tintindex":0,"rotation":0,"texture":"#0"},"up":{"uv":[12.4375,1.03125,12.1875,0.8125],"tintindex":0,"rotation":0,"texture":"#0"},"down":{"uv":[12.4375,1.0625,12.1875,1.28125],"tintindex":0,"rotation":0,"texture":"#0"}},"rotation":{"origin":[12.0,6.9598446,10.811794],"angle":22.5,"axis":"x"}},{"from":[10.0,17.874058,13.726006],"to":[14.0,21.409592,17.26154],"faces":{"east":{"uv":[12.375,4.375,12.59375,4.59375],"tintindex":0,"rotation":0,"texture":"#0"},"south":{"uv":[12.125,9.0625,12.375,9.28125],"tintindex":0,"rotation":0,"texture":"#0"},"north":{"uv":[12.125,8.8125,12.375,9.03125],"tintindex":0,"rotation":0,"texture":"#0"},"west":{"uv":[12.375,4.625,12.59375,4.84375],"tintindex":0,"rotation":0,"texture":"#0"},"up":{"uv":[12.375,9.53125,12.125,9.3125],"tintindex":0,"rotation":0,"texture":"#0"},"down":{"uv":[10.375,12.125,10.125,12.34375],"tintindex":0,"rotation":0,"texture":"#0"}}}],"display":{"gui":{"rotation":[30,225,0]}}}