{"textures":{"2":"modelengine:entity/main"},"elements":[{"from":[25.065985,5.055585,27.484999],"to":[25.650986,5.7653494,27.80045],"faces":{"east":{"uv":[5.0,10.25,5.1875,10.65625],"tintindex":0,"rotation":0,"texture":"#2"},"south":{"uv":[9.25,9.25,9.5625,9.65625],"tintindex":0,"rotation":0,"texture":"#2"},"north":{"uv":[8.75,9.25,9.0625,9.65625],"tintindex":0,"rotation":0,"texture":"#2"},"west":{"uv":[8.5,10.25,8.6875,10.65625],"tintindex":0,"rotation":0,"texture":"#2"},"up":{"uv":[11.0625,4.1875,10.75,4.0],"tintindex":0,"rotation":0,"texture":"#2"},"down":{"uv":[11.0625,4.25,10.75,4.4375],"tintindex":0,"rotation":0,"texture":"#2"}},"rotation":{"origin":[25.59777,12.720819,28.21654],"angle":-22.5,"axis":"z"}},{"from":[23.296595,6.115815,27.336498],"to":[24.196594,6.565815,27.9674],"faces":{"east":{"uv":[10.0,6.0,10.34375,6.25],"tintindex":0,"rotation":0,"texture":"#2"},"south":{"uv":[0.75,6.25,1.25,6.5],"tintindex":0,"rotation":0,"texture":"#2"},"north":{"uv":[5.75,1.0,6.25,1.25],"tintindex":0,"rotation":0,"texture":"#2"},"west":{"uv":[10.25,0.0,10.59375,0.25],"tintindex":0,"rotation":0,"texture":"#2"},"up":{"uv":[8.25,8.59375,7.75,8.25],"tintindex":0,"rotation":0,"texture":"#2"},"down":{"uv":[8.75,7.75,8.25,8.09375],"tintindex":0,"rotation":0,"texture":"#2"}},"rotation":{"origin":[23.164791,6.22095,27.429705],"angle":22.5,"axis":"z"}},{"from":[20.24664,7.1452446,27.408499],"to":[20.64096,7.855009,27.88168],"faces":{"east":{"uv":[1.25,5.0,1.5,5.40625],"tintindex":0,"rotation":0,"texture":"#2"},"south":{"uv":[10.0,0.0,10.21875,0.40625],"tintindex":0,"rotation":0,"texture":"#2"},"north":{"uv":[0.0,10.0,0.21875,10.40625],"tintindex":0,"rotation":0,"texture":"#2"},"west":{"uv":[9.75,7.25,10.0,7.65625],"tintindex":0,"rotation":0,"texture":"#2"},"up":{"uv":[4.96875,7.5,4.75,7.25],"tintindex":0,"rotation":0,"texture":"#2"},"down":{"uv":[6.46875,7.5,6.25,7.75],"tintindex":0,"rotation":0,"texture":"#2"}},"rotation":{"origin":[25.408085,12.9154,27.565954],"angle":22.5,"axis":"z"}},{"from":[17.822195,7.2995243,27.336498],"to":[18.407194,8.088156,27.967403],"faces":{"east":{"uv":[9.0,0.0,9.34375,0.4375],"tintindex":0,"rotation":0,"texture":"#2"},"south":{"uv":[9.25,2.5,9.5625,2.9375],"tintindex":0,"rotation":0,"texture":"#2"},"north":{"uv":[9.25,2.0,9.5625,2.4375],"tintindex":0,"rotation":0,"texture":"#2"},"west":{"uv":[9.0,0.5,9.34375,0.9375],"tintindex":0,"rotation":0,"texture":"#2"},"up":{"uv":[6.0625,10.09375,5.75,9.75],"tintindex":0,"rotation":0,"texture":"#2"},"down":{"uv":[6.5625,9.75,6.25,10.09375],"tintindex":0,"rotation":0,"texture":"#2"}},"rotation":{"origin":[22.589321,13.069685,27.580284],"angle":45.0,"axis":"z"}},{"from":[14.94116,7.2760544,27.619999],"to":[16.829655,8.818855,27.619999],"faces":{"south":{"uv":[3.0,1.0,4.0625,1.84375],"tintindex":0,"rotation":0,"texture":"#2"},"north":{"uv":[3.0,0.0,4.0625,0.84375],"tintindex":0,"rotation":0,"texture":"#2"}},"rotation":{"origin":[22.83153,13.487299,27.22609],"angle":45.0,"axis":"z"}},{"from":[23.154585,5.716675,27.304234],"to":[24.20277,6.590005,28.014],"faces":{"east":{"uv":[6.25,7.75,6.65625,8.25],"tintindex":0,"rotation":0,"texture":"#2"},"south":{"uv":[5.75,4.75,6.34375,5.25],"tintindex":0,"rotation":0,"texture":"#2"},"north":{"uv":[5.75,4.25,6.34375,4.75],"tintindex":0,"rotation":0,"texture":"#2"},"west":{"uv":[7.75,6.25,8.15625,6.75],"tintindex":0,"rotation":0,"texture":"#2"},"up":{"uv":[0.59375,7.15625,0.0,6.75],"tintindex":0,"rotation":0,"texture":"#2"},"down":{"uv":[2.84375,6.75,2.25,7.15625],"tintindex":0,"rotation":0,"texture":"#2"}}},{"from":[24.662085,10.72126,27.512],"to":[25.562084,11.2503395,27.748589],"faces":{"east":{"uv":[11.0,7.25,11.125,7.53125],"tintindex":0,"rotation":0,"texture":"#2"},"south":{"uv":[9.0,5.5,9.5,5.78125],"tintindex":0,"rotation":0,"texture":"#2"},"north":{"uv":[9.0,4.5,9.5,4.78125],"tintindex":0,"rotation":0,"texture":"#2"},"west":{"uv":[7.5,11.0,7.625,11.28125],"tintindex":0,"rotation":0,"texture":"#2"},"up":{"uv":[11.25,2.625,10.75,2.5],"tintindex":0,"rotation":0,"texture":"#2"},"down":{"uv":[3.25,10.75,2.75,10.875],"tintindex":0,"rotation":0,"texture":"#2"}},"rotation":{"origin":[29.682804,5.2484646,27.410814],"angle":45.0,"axis":"z"}},{"from":[22.713573,5.6187,27.449],"to":[23.298574,6.32847,27.843315],"faces":{"east":{"uv":[0.25,10.0,0.46875,10.40625],"tintindex":0,"rotation":0,"texture":"#2"},"south":{"uv":[9.25,7.75,9.5625,8.15625],"tintindex":0,"rotation":0,"texture":"#2"},"north":{"uv":[7.75,9.25,8.0625,9.65625],"tintindex":0,"rotation":0,"texture":"#2"},"west":{"uv":[10.0,0.5,10.21875,0.90625],"tintindex":0,"rotation":0,"texture":"#2"},"up":{"uv":[6.0625,10.71875,5.75,10.5],"tintindex":0,"rotation":0,"texture":"#2"},"down":{"uv":[10.8125,5.75,10.5,5.96875],"tintindex":0,"rotation":0,"texture":"#2"}}}],"display":{"gui":{"rotation":[30,225,0]}}}