{"textures":{"0":"modelengine:entity/animasi1"},"elements":[{"from":[0.49444008,9.137749,18.39698],"to":[7.30153,18.628088,18.39698],"faces":{"south":{"uv":[13.3724,0.0,0.0,16.0],"tintindex":0,"rotation":0,"texture":"#0"},"north":{"uv":[0.0,0.0,13.3724,16.0],"tintindex":0,"rotation":0,"texture":"#0"}}},{"from":[0.49444008,9.137749,18.29517],"to":[7.30153,18.628088,18.29517],"faces":{"south":{"uv":[13.3724,0.0,0.0,16.0],"tintindex":0,"rotation":0,"texture":"#0"},"north":{"uv":[0.0,0.0,13.3724,16.0],"tintindex":0,"rotation":0,"texture":"#0"}}}],"display":{"gui":{"rotation":[30,225,0]}}}