{"textures":{"2":"modelengine:entity/main"},"elements":[{"from":[8.816705,19.945465,11.2645],"to":[10.031705,20.755466,12.074501],"faces":{"east":{"uv":[8.0,4.5,8.4375,4.9375],"tintindex":0,"rotation":0,"texture":"#2"},"south":{"uv":[5.0,5.5,5.6875,5.9375],"tintindex":0,"rotation":0,"texture":"#2"},"north":{"uv":[5.5,2.25,6.1875,2.6875],"tintindex":0,"rotation":0,"texture":"#2"},"west":{"uv":[8.0,5.75,8.4375,6.1875],"tintindex":0,"rotation":0,"texture":"#2"},"up":{"uv":[0.6875,6.1875,0.0,5.75],"tintindex":0,"rotation":0,"texture":"#2"},"down":{"uv":[6.4375,0.0,5.75,0.4375],"tintindex":0,"rotation":0,"texture":"#2"}}},{"from":[9.861435,18.624363,11.305],"to":[10.914434,19.434364,11.953001],"faces":{"east":{"uv":[5.0,8.75,5.375,9.1875],"tintindex":0,"rotation":0,"texture":"#2"},"south":{"uv":[6.5,1.0,7.09375,1.4375],"tintindex":0,"rotation":0,"texture":"#2"},"north":{"uv":[0.75,6.5,1.34375,6.9375],"tintindex":0,"rotation":0,"texture":"#2"},"west":{"uv":[8.75,5.0,9.125,5.4375],"tintindex":0,"rotation":0,"texture":"#2"},"up":{"uv":[4.59375,7.625,4.0,7.25],"tintindex":0,"rotation":0,"texture":"#2"},"down":{"uv":[7.84375,4.0,7.25,4.375],"tintindex":0,"rotation":0,"texture":"#2"}}},{"from":[10.99183,16.52826,11.345501],"to":[11.39683,17.459759,11.9125],"faces":{"east":{"uv":[8.75,2.0,9.0625,2.53125],"tintindex":0,"rotation":0,"texture":"#2"},"south":{"uv":[9.75,1.0,9.96875,1.53125],"tintindex":0,"rotation":0,"texture":"#2"},"north":{"uv":[8.25,9.25,8.46875,9.78125],"tintindex":0,"rotation":0,"texture":"#2"},"west":{"uv":[2.5,8.75,2.8125,9.28125],"tintindex":0,"rotation":0,"texture":"#2"},"up":{"uv":[10.71875,10.8125,10.5,10.5],"tintindex":0,"rotation":0,"texture":"#2"},"down":{"uv":[10.96875,0.0,10.75,0.3125],"tintindex":0,"rotation":0,"texture":"#2"}},"rotation":{"origin":[12.561435,18.624363,11.2645],"angle":-45.0,"axis":"z"}},{"from":[10.37778,20.00299,11.2645],"to":[11.34978,20.812988,11.9935],"faces":{"east":{"uv":[6.25,8.25,6.65625,8.6875],"tintindex":0,"rotation":0,"texture":"#2"},"south":{"uv":[0.75,7.0,1.28125,7.4375],"tintindex":0,"rotation":0,"texture":"#2"},"north":{"uv":[6.5,6.75,7.03125,7.1875],"tintindex":0,"rotation":0,"texture":"#2"},"west":{"uv":[8.25,6.25,8.65625,6.6875],"tintindex":0,"rotation":0,"texture":"#2"},"up":{"uv":[3.28125,7.90625,2.75,7.5],"tintindex":0,"rotation":0,"texture":"#2"},"down":{"uv":[8.03125,3.0,7.5,3.40625],"tintindex":0,"rotation":0,"texture":"#2"}},"rotation":{"origin":[12.561435,18.624363,11.2645],"angle":22.5,"axis":"z"}},{"from":[11.5103855,21.940891,11.345501],"to":[12.320385,22.912891,11.9935],"faces":{"east":{"uv":[2.5,8.0,2.875,8.53125],"tintindex":0,"rotation":0,"texture":"#2"},"south":{"uv":[7.0,3.25,7.4375,3.78125],"tintindex":0,"rotation":0,"texture":"#2"},"north":{"uv":[7.0,2.5,7.4375,3.03125],"tintindex":0,"rotation":0,"texture":"#2"},"west":{"uv":[3.0,8.0,3.375,8.53125],"tintindex":0,"rotation":0,"texture":"#2"},"up":{"uv":[9.1875,6.625,8.75,6.25],"tintindex":0,"rotation":0,"texture":"#2"},"down":{"uv":[6.9375,8.75,6.5,9.125],"tintindex":0,"rotation":0,"texture":"#2"}},"rotation":{"origin":[12.561435,18.624363,11.2645],"angle":22.5,"axis":"z"}},{"from":[9.55985,20.799053,11.4265],"to":[10.04585,21.852055,11.9125],"faces":{"east":{"uv":[8.5,0.5,8.78125,1.09375],"tintindex":0,"rotation":0,"texture":"#2"},"south":{"uv":[1.0,8.5,1.28125,9.09375],"tintindex":0,"rotation":0,"texture":"#2"},"north":{"uv":[0.5,8.5,0.78125,9.09375],"tintindex":0,"rotation":0,"texture":"#2"},"west":{"uv":[1.5,8.5,1.78125,9.09375],"tintindex":0,"rotation":0,"texture":"#2"},"up":{"uv":[2.78125,10.53125,2.5,10.25],"tintindex":0,"rotation":0,"texture":"#2"},"down":{"uv":[3.28125,10.25,3.0,10.53125],"tintindex":0,"rotation":0,"texture":"#2"}},"rotation":{"origin":[12.561435,18.624363,11.2645],"angle":-22.5,"axis":"z"}},{"from":[10.024225,19.272346,11.386],"to":[10.915225,19.677345,11.872],"faces":{"east":{"uv":[10.75,2.75,11.03125,2.96875],"tintindex":0,"rotation":0,"texture":"#2"},"south":{"uv":[9.75,2.75,10.25,2.96875],"tintindex":0,"rotation":0,"texture":"#2"},"north":{"uv":[9.5,4.75,10.0,4.96875],"tintindex":0,"rotation":0,"texture":"#2"},"west":{"uv":[3.25,10.75,3.53125,10.96875],"tintindex":0,"rotation":0,"texture":"#2"},"up":{"uv":[1.0,9.53125,0.5,9.25],"tintindex":0,"rotation":0,"texture":"#2"},"down":{"uv":[1.5,9.25,1.0,9.53125],"tintindex":0,"rotation":0,"texture":"#2"}},"rotation":{"origin":[12.561435,18.624363,11.2645],"angle":22.5,"axis":"z"}},{"from":[11.242225,22.827614,11.395],"to":[11.728225,23.187614,11.935],"faces":{"east":{"uv":[5.75,10.75,6.0625,10.9375],"tintindex":0,"rotation":0,"texture":"#2"},"south":{"uv":[10.75,6.75,11.03125,6.9375],"tintindex":0,"rotation":0,"texture":"#2"},"north":{"uv":[6.75,10.75,7.03125,10.9375],"tintindex":0,"rotation":0,"texture":"#2"},"west":{"uv":[6.25,10.75,6.5625,10.9375],"tintindex":0,"rotation":0,"texture":"#2"},"up":{"uv":[10.28125,7.5625,10.0,7.25],"tintindex":0,"rotation":0,"texture":"#2"},"down":{"uv":[8.03125,10.0,7.75,10.3125],"tintindex":0,"rotation":0,"texture":"#2"}}},{"from":[8.7857895,19.698605,11.305],"to":[9.75779,20.913605,12.034],"faces":{"east":{"uv":[5.75,5.25,6.15625,5.9375],"tintindex":0,"rotation":0,"texture":"#2"},"south":{"uv":[3.0,4.75,3.53125,5.4375],"tintindex":0,"rotation":0,"texture":"#2"},"north":{"uv":[4.75,2.25,5.28125,2.9375],"tintindex":0,"rotation":0,"texture":"#2"},"west":{"uv":[5.0,6.0,5.40625,6.6875],"tintindex":0,"rotation":0,"texture":"#2"},"up":{"uv":[8.03125,3.90625,7.5,3.5],"tintindex":0,"rotation":0,"texture":"#2"},"down":{"uv":[5.28125,7.5,4.75,7.90625],"tintindex":0,"rotation":0,"texture":"#2"}},"rotation":{"origin":[12.561435,18.624363,11.2645],"angle":-22.5,"axis":"z"}},{"from":[11.30756,21.11007,11.305],"to":[12.27956,21.92007,11.953001],"faces":{"east":{"uv":[5.5,8.75,5.875,9.1875],"tintindex":0,"rotation":0,"texture":"#2"},"south":{"uv":[7.0,2.0,7.53125,2.4375],"tintindex":0,"rotation":0,"texture":"#2"},"north":{"uv":[1.5,7.0,2.03125,7.4375],"tintindex":0,"rotation":0,"texture":"#2"},"west":{"uv":[6.0,8.75,6.375,9.1875],"tintindex":0,"rotation":0,"texture":"#2"},"up":{"uv":[2.28125,8.375,1.75,8.0],"tintindex":0,"rotation":0,"texture":"#2"},"down":{"uv":[8.53125,2.25,8.0,2.625],"tintindex":0,"rotation":0,"texture":"#2"}},"rotation":{"origin":[12.561435,18.624363,11.2645],"angle":45.0,"axis":"z"}},{"from":[8.51412,19.670845,11.386],"to":[9.00012,21.007343,11.953001],"faces":{"east":{"uv":[4.0,6.5,4.3125,7.25],"tintindex":0,"rotation":0,"texture":"#2"},"south":{"uv":[7.75,1.5,8.03125,2.25],"tintindex":0,"rotation":0,"texture":"#2"},"north":{"uv":[3.5,7.5,3.78125,8.25],"tintindex":0,"rotation":0,"texture":"#2"},"west":{"uv":[5.0,6.75,5.3125,7.5],"tintindex":0,"rotation":0,"texture":"#2"},"up":{"uv":[10.28125,4.8125,10.0,4.5],"tintindex":0,"rotation":0,"texture":"#2"},"down":{"uv":[10.28125,5.5,10.0,5.8125],"tintindex":0,"rotation":0,"texture":"#2"}},"rotation":{"origin":[12.561435,18.624363,11.2645],"angle":-45.0,"axis":"z"}},{"from":[8.66911,17.733925,11.268551],"to":[9.56011,18.543926,12.07045],"faces":{"east":{"uv":[0.0,8.25,0.4375,8.6875],"tintindex":0,"rotation":0,"texture":"#2"},"south":{"uv":[6.5,7.25,7.0,7.6875],"tintindex":0,"rotation":0,"texture":"#2"},"north":{"uv":[7.25,6.25,7.75,6.6875],"tintindex":0,"rotation":0,"texture":"#2"},"west":{"uv":[8.25,1.5,8.6875,1.9375],"tintindex":0,"rotation":0,"texture":"#2"},"up":{"uv":[7.75,7.1875,7.25,6.75],"tintindex":0,"rotation":0,"texture":"#2"},"down":{"uv":[7.5,7.25,7.0,7.6875],"tintindex":0,"rotation":0,"texture":"#2"}},"rotation":{"origin":[12.561435,18.624363,11.2645],"angle":-45.0,"axis":"z"}}],"display":{"gui":{"rotation":[30,225,0]}}}