{"textures":{"2":"modelengine:entity/main"},"elements":[{"from":[19.001505,7.7378254,11.437336],"to":[19.210005,8.206961,11.82828],"faces":{"east":{"uv":[7.0,4.0,7.21875,4.25],"tintindex":0,"rotation":0,"texture":"#2"},"south":{"uv":[0.25,11.25,0.375,11.5],"tintindex":0,"rotation":0,"texture":"#2"},"north":{"uv":[0.0,11.25,0.125,11.5],"tintindex":0,"rotation":0,"texture":"#2"},"west":{"uv":[2.75,7.25,2.96875,7.5],"tintindex":0,"rotation":0,"texture":"#2"},"up":{"uv":[11.375,1.46875,11.25,1.25],"tintindex":0,"rotation":0,"texture":"#2"},"down":{"uv":[1.625,11.25,1.5,11.46875],"tintindex":0,"rotation":0,"texture":"#2"}},"rotation":{"origin":[19.18318,11.630146,11.652386],"angle":-22.5,"axis":"z"}},{"from":[16.39225,8.789486,11.38521],"to":[16.86138,8.997986,11.880405],"faces":{"east":{"uv":[6.5,11.0,6.78125,11.125],"tintindex":0,"rotation":0,"texture":"#2"},"south":{"uv":[10.25,11.0,10.5,11.125],"tintindex":0,"rotation":0,"texture":"#2"},"north":{"uv":[11.0,10.0,11.25,10.125],"tintindex":0,"rotation":0,"texture":"#2"},"west":{"uv":[7.0,11.0,7.28125,11.125],"tintindex":0,"rotation":0,"texture":"#2"},"up":{"uv":[10.75,3.53125,10.5,3.25],"tintindex":0,"rotation":0,"texture":"#2"},"down":{"uv":[4.75,10.5,4.5,10.78125],"tintindex":0,"rotation":0,"texture":"#2"}},"rotation":{"origin":[19.18318,11.630146,11.652386],"angle":22.5,"axis":"z"}},{"from":[19.06099,7.2856865,11.28096],"to":[19.58225,7.546316,11.984655],"faces":{"east":{"uv":[10.75,1.75,11.15625,1.90625],"tintindex":0,"rotation":0,"texture":"#2"},"south":{"uv":[10.75,10.75,11.03125,10.90625],"tintindex":0,"rotation":0,"texture":"#2"},"north":{"uv":[10.75,10.5,11.03125,10.65625],"tintindex":0,"rotation":0,"texture":"#2"},"west":{"uv":[10.75,2.0,11.15625,2.15625],"tintindex":0,"rotation":0,"texture":"#2"},"up":{"uv":[10.03125,2.15625,9.75,1.75],"tintindex":0,"rotation":0,"texture":"#2"},"down":{"uv":[2.28125,9.75,2.0,10.15625],"tintindex":0,"rotation":0,"texture":"#2"}},"rotation":{"origin":[19.18318,11.630146,11.652386],"angle":-22.5,"axis":"z"}},{"from":[20.63311,7.8104153,11.30702],"to":[21.154366,8.071047,11.9585905],"faces":{"east":{"uv":[3.75,10.75,4.125,10.90625],"tintindex":0,"rotation":0,"texture":"#2"},"south":{"uv":[11.0,0.5,11.28125,0.65625],"tintindex":0,"rotation":0,"texture":"#2"},"north":{"uv":[11.0,0.25,11.28125,0.40625],"tintindex":0,"rotation":0,"texture":"#2"},"west":{"uv":[10.75,3.75,11.125,3.90625],"tintindex":0,"rotation":0,"texture":"#2"},"up":{"uv":[10.03125,6.625,9.75,6.25],"tintindex":0,"rotation":0,"texture":"#2"},"down":{"uv":[7.03125,9.75,6.75,10.125],"tintindex":0,"rotation":0,"texture":"#2"}},"rotation":{"origin":[19.18318,11.630146,11.652386],"angle":-45.0,"axis":"z"}},{"from":[17.40774,7.4025154,11.254895],"to":[17.928995,7.663145,12.01072],"faces":{"east":{"uv":[2.25,10.75,2.65625,10.90625],"tintindex":0,"rotation":0,"texture":"#2"},"south":{"uv":[11.0,0.75,11.28125,0.90625],"tintindex":0,"rotation":0,"texture":"#2"},"north":{"uv":[0.75,11.0,1.03125,11.15625],"tintindex":0,"rotation":0,"texture":"#2"},"west":{"uv":[10.75,2.25,11.15625,2.40625],"tintindex":0,"rotation":0,"texture":"#2"},"up":{"uv":[10.03125,2.65625,9.75,2.25],"tintindex":0,"rotation":0,"texture":"#2"},"down":{"uv":[5.03125,9.75,4.75,10.15625],"tintindex":0,"rotation":0,"texture":"#2"}}},{"from":[18.371805,7.735901,11.48946],"to":[18.84094,7.9965305,11.77615],"faces":{"east":{"uv":[2.25,11.25,2.40625,11.40625],"tintindex":0,"rotation":0,"texture":"#2"},"south":{"uv":[11.0,4.5,11.25,4.65625],"tintindex":0,"rotation":0,"texture":"#2"},"north":{"uv":[4.5,11.0,4.75,11.15625],"tintindex":0,"rotation":0,"texture":"#2"},"west":{"uv":[11.25,2.25,11.40625,2.40625],"tintindex":0,"rotation":0,"texture":"#2"},"up":{"uv":[5.0,11.15625,4.75,11.0],"tintindex":0,"rotation":0,"texture":"#2"},"down":{"uv":[11.25,4.75,11.0,4.90625],"tintindex":0,"rotation":0,"texture":"#2"}},"rotation":{"origin":[19.18318,11.630146,11.652386],"angle":-22.5,"axis":"z"}},{"from":[21.15793,7.2856007,11.20277],"to":[21.8095,7.806856,12.062845],"faces":{"east":{"uv":[4.75,9.25,5.21875,9.53125],"tintindex":0,"rotation":0,"texture":"#2"},"south":{"uv":[7.25,9.75,7.625,10.03125],"tintindex":0,"rotation":0,"texture":"#2"},"north":{"uv":[9.75,6.75,10.125,7.03125],"tintindex":0,"rotation":0,"texture":"#2"},"west":{"uv":[9.25,5.0,9.71875,5.28125],"tintindex":0,"rotation":0,"texture":"#2"},"up":{"uv":[7.625,8.71875,7.25,8.25],"tintindex":0,"rotation":0,"texture":"#2"},"down":{"uv":[8.625,7.25,8.25,7.71875],"tintindex":0,"rotation":0,"texture":"#2"}},"rotation":{"origin":[19.18318,11.630146,11.652386],"angle":-45.0,"axis":"z"}},{"from":[17.236206,8.146116,11.4634],"to":[17.705334,8.537056,11.802216],"faces":{"east":{"uv":[5.0,8.5,5.1875,8.71875],"tintindex":0,"rotation":0,"texture":"#2"},"south":{"uv":[6.25,5.75,6.5,5.96875],"tintindex":0,"rotation":0,"texture":"#2"},"north":{"uv":[6.25,1.0,6.5,1.21875],"tintindex":0,"rotation":0,"texture":"#2"},"west":{"uv":[9.0,1.0,9.1875,1.21875],"tintindex":0,"rotation":0,"texture":"#2"},"up":{"uv":[8.25,2.9375,8.0,2.75],"tintindex":0,"rotation":0,"texture":"#2"},"down":{"uv":[0.75,8.25,0.5,8.4375],"tintindex":0,"rotation":0,"texture":"#2"}}},{"from":[17.65606,7.908701,11.359145],"to":[18.12519,8.117201,11.906466],"faces":{"east":{"uv":[3.25,11.0,3.5625,11.125],"tintindex":0,"rotation":0,"texture":"#2"},"south":{"uv":[11.0,9.5,11.25,9.625],"tintindex":0,"rotation":0,"texture":"#2"},"north":{"uv":[9.5,11.0,9.75,11.125],"tintindex":0,"rotation":0,"texture":"#2"},"west":{"uv":[3.75,11.0,4.0625,11.125],"tintindex":0,"rotation":0,"texture":"#2"},"up":{"uv":[4.25,10.5625,4.0,10.25],"tintindex":0,"rotation":0,"texture":"#2"},"down":{"uv":[4.5,10.25,4.25,10.5625],"tintindex":0,"rotation":0,"texture":"#2"}}},{"from":[19.16073,7.578602,11.333086],"to":[19.62986,7.7871017,11.93253],"faces":{"east":{"uv":[11.0,1.0,11.34375,1.125],"tintindex":0,"rotation":0,"texture":"#2"},"south":{"uv":[11.0,9.75,11.25,9.875],"tintindex":0,"rotation":0,"texture":"#2"},"north":{"uv":[9.75,11.0,10.0,11.125],"tintindex":0,"rotation":0,"texture":"#2"},"west":{"uv":[1.25,11.0,1.59375,11.125],"tintindex":0,"rotation":0,"texture":"#2"},"up":{"uv":[8.5,10.34375,8.25,10.0],"tintindex":0,"rotation":0,"texture":"#2"},"down":{"uv":[10.25,9.75,10.0,10.09375],"tintindex":0,"rotation":0,"texture":"#2"}},"rotation":{"origin":[19.18318,11.630146,11.652386],"angle":-22.5,"axis":"z"}},{"from":[15.5617,10.086861,11.41127],"to":[16.03083,10.295366,11.854341],"faces":{"east":{"uv":[10.5,11.0,10.75,11.125],"tintindex":0,"rotation":0,"texture":"#2"},"south":{"uv":[10.75,11.0,11.0,11.125],"tintindex":0,"rotation":0,"texture":"#2"},"north":{"uv":[11.0,10.25,11.25,10.375],"tintindex":0,"rotation":0,"texture":"#2"},"west":{"uv":[11.0,11.0,11.25,11.125],"tintindex":0,"rotation":0,"texture":"#2"},"up":{"uv":[4.5,4.0,4.25,3.75],"tintindex":0,"rotation":0,"texture":"#2"},"down":{"uv":[5.5,1.25,5.25,1.5],"tintindex":0,"rotation":0,"texture":"#2"}},"rotation":{"origin":[19.18318,11.630146,11.652386],"angle":45.0,"axis":"z"}},{"from":[15.925045,8.143131,11.22883],"to":[16.4463,8.403761,12.03678],"faces":{"east":{"uv":[10.5,5.25,10.9375,5.40625],"tintindex":0,"rotation":0,"texture":"#2"},"south":{"uv":[11.0,0.0,11.28125,0.15625],"tintindex":0,"rotation":0,"texture":"#2"},"north":{"uv":[0.0,11.0,0.28125,11.15625],"tintindex":0,"rotation":0,"texture":"#2"},"west":{"uv":[10.5,5.5,10.9375,5.65625],"tintindex":0,"rotation":0,"texture":"#2"},"up":{"uv":[0.78125,10.1875,0.5,9.75],"tintindex":0,"rotation":0,"texture":"#2"},"down":{"uv":[1.28125,9.75,1.0,10.1875],"tintindex":0,"rotation":0,"texture":"#2"}},"rotation":{"origin":[19.18318,11.630146,11.652386],"angle":22.5,"axis":"z"}},{"from":[15.909785,9.373892,11.515526],"to":[16.040096,9.764835,11.75009],"faces":{"east":{"uv":[1.0,11.25,1.125,11.46875],"tintindex":0,"rotation":0,"texture":"#2"},"south":{"uv":[5.75,11.25,5.8125,11.46875],"tintindex":0,"rotation":0,"texture":"#2"},"north":{"uv":[11.25,5.5,11.3125,5.71875],"tintindex":0,