{"textures":{"0":"modelengine:entity/animasi1"},"elements":[{"from":[-1.4684801,15.69175,24.439468],"to":[1.2663002,19.073639,24.439468],"faces":{"south":{"uv":[1.0,0.0,15.5,16.0],"tintindex":0,"rotation":0,"texture":"#0"},"north":{"uv":[13.5,0.0,1.0,16.0],"tintindex":0,"rotation":0,"texture":"#0"}},"rotation":{"origin":[0.3764305,15.704121,23.79348],"angle":-45.0,"axis":"z"}},{"from":[-2.6901798,16.00764,27.49371],"to":[0.044610023,19.389519,27.49371],"faces":{"south":{"uv":[15.5,0.0,1.0,16.0],"tintindex":0,"rotation":0,"texture":"#0"},"north":{"uv":[1.0,0.0,13.5,16.0],"tintindex":0,"rotation":0,"texture":"#0"}},"rotation":{"origin":[-1.11343,16.25851,25.69249],"angle":45.0,"axis":"z"}},{"from":[-2.6901798,16.00764,24.439468],"to":[0.044610023,19.389519,24.439468],"faces":{"south":{"uv":[15.5,0.0,1.0,16.0],"tintindex":0,"rotation":0,"texture":"#0"},"north":{"uv":[1.0,0.0,13.5,16.0],"tintindex":0,"rotation":0,"texture":"#0"}},"rotation":{"origin":[-1.11343,16.25851,22.638248],"angle":45.0,"axis":"z"}},{"from":[-1.4684801,15.69175,27.49371],"to":[1.2663002,19.073639,27.49371],"faces":{"south":{"uv":[1.0,0.0,15.5,16.0],"tintindex":0,"rotation":0,"texture":"#0"},"north":{"uv":[13.5,0.0,1.0,16.0],"tintindex":0,"rotation":0,"texture":"#0"}},"rotation":{"origin":[0.3764305,15.704121,26.84772],"angle":-45.0,"axis":"z"}}],"display":{"gui":{"rotation":[30,225,0]}}}