{"textures":{"2":"modelengine:entity/main"},"elements":[{"from":[18.63565,28.09833,14.73307],"to":[19.9225,28.741758,15.50518],"faces":{"east":{"uv":[11.0,1.25,11.21875,1.4375],"tintindex":0,"rotation":0,"texture":"#2"},"south":{"uv":[10.5,7.75,10.84375,7.9375],"tintindex":0,"rotation":0,"texture":"#2"},"north":{"uv":[0.75,10.75,1.09375,10.9375],"tintindex":0,"rotation":0,"texture":"#2"},"west":{"uv":[9.25,4.25,9.46875,4.4375],"tintindex":0,"rotation":0,"texture":"#2"},"up":{"uv":[10.59375,9.71875,10.25,9.5],"tintindex":0,"rotation":0,"texture":"#2"},"down":{"uv":[10.59375,9.75,10.25,9.96875],"tintindex":0,"rotation":0,"texture":"#2"}},"rotation":{"origin":[19.9225,29.38518,15.698211],"angle":22.5,"axis":"z"}},{"from":[19.75909,28.2493,14.73307],"to":[21.04594,28.892729,15.50518],"faces":{"east":{"uv":[2.5,11.0,2.71875,11.1875],"tintindex":0,"rotation":0,"texture":"#2"},"south":{"uv":[1.25,10.75,1.59375,10.9375],"tintindex":0,"rotation":0,"texture":"#2"},"north":{"uv":[1.75,10.75,2.09375,10.9375],"tintindex":0,"rotation":0,"texture":"#2"},"west":{"uv":[2.25,11.0,2.46875,11.1875],"tintindex":0,"rotation":0,"texture":"#2"},"up":{"uv":[10.59375,10.21875,10.25,10.0],"tintindex":0,"rotation":0,"texture":"#2"},"down":{"uv":[10.59375,10.25,10.25,10.46875],"tintindex":0,"rotation":0,"texture":"#2"}},"rotation":{"origin":[21.04594,29.53615,15.569521],"angle":-45.0,"axis":"z"}},{"from":[19.68103,27.248861,14.73307],"to":[20.32446,28.535711,15.50518],"faces":{"east":{"uv":[0.0,10.5,0.21875,10.84375],"tintindex":0,"rotation":0,"texture":"#2"},"south":{"uv":[1.25,10.75,1.59375,10.9375],"tintindex":0,"rotation":0,"texture":"#2"},"north":{"uv":[1.75,10.75,2.09375,10.9375],"tintindex":0,"rotation":0,"texture":"#2"},"west":{"uv":[0.25,10.5,0.46875,10.84375],"tintindex":0,"rotation":0,"texture":"#2"},"up":{"uv":[2.9375,11.21875,2.75,11.0],"tintindex":0,"rotation":0,"texture":"#2"},"down":{"uv":[3.1875,11.0,3.0,11.21875],"tintindex":0,"rotation":0,"texture":"#2"}}},{"from":[20.32446,27.781889,14.73307],"to":[20.96788,29.068739,15.50518],"faces":{"east":{"uv":[10.0,10.25,10.21875,10.59375],"tintindex":0,"rotation":0,"texture":"#2"},"south":{"uv":[10.5,7.75,10.84375,7.9375],"tintindex":0,"rotation":0,"texture":"#2"},"north":{"uv":[0.75,10.75,1.09375,10.9375],"tintindex":0,"rotation":0,"texture":"#2"},"west":{"uv":[8.75,10.25,8.96875,10.59375],"tintindex":0,"rotation":0,"texture":"#2"},"up":{"uv":[1.9375,11.21875,1.75,11.0],"tintindex":0,"rotation":0,"texture":"#2"},"down":{"uv":[2.1875,11.0,2.0,11.21875],"tintindex":0,"rotation":0,"texture":"#2"}},"rotation":{"origin":[19.68103,29.068739,15.698211],"angle":-45.0,"axis":"z"}},{"from":[18.97983,28.29828,14.73307],"to":[20.26668,28.941702,15.50518],"faces":{"east":{"uv":[11.0,1.25,11.21875,1.4375],"tintindex":0,"rotation":0,"texture":"#2"},"south":{"uv":[10.5,7.75,10.84375,7.9375],"tintindex":0,"rotation":0,"texture":"#2"},"north":{"uv":[0.75,10.75,1.09375,10.9375],"tintindex":0,"rotation":0,"texture":"#2"},"west":{"uv":[9.25,4.25,9.46875,4.4375],"tintindex":0,"rotation":0,"texture":"#2"},"up":{"uv":[10.59375,9.71875,10.25,9.5],"tintindex":0,"rotation":0,"texture":"#2"},"down":{"uv":[10.59375,9.75,10.25,9.96875],"tintindex":0,"rotation":0,"texture":"#2"}}},{"from":[19.37433,28.35129,14.73307],"to":[20.66119,28.994719,15.50518],"faces":{"east":{"uv":[11.0,1.25,11.21875,1.4375],"tintindex":0,"rotation":0,"texture":"#2"},"south":{"uv":[10.5,7.75,10.84375,7.9375],"tintindex":0,"rotation":0,"texture":"#2"},"north":{"uv":[0.75,10.75,1.09375,10.9375],"tintindex":0,"rotation":0,"texture":"#2"},"west":{"uv":[9.25,4.25,9.46875,4.4375],"tintindex":0,"rotation":0,"texture":"#2"},"up":{"uv":[10.59375,9.71875,10.25,9.5],"tintindex":0,"rotation":0,"texture":"#2"},"down":{"uv":[10.59375,9.75,10.25,9.96875],"tintindex":0,"rotation":0,"texture":"#2"}},"rotation":{"origin":[20.66119,29.63814,15.698211],"angle":-22.5,"axis":"z"}},{"from":[18.97983,28.29828,14.73307],"to":[19.55568,28.941702,15.50518],"faces":{"east":{"uv":[11.0,1.25,11.21875,1.4375],"tintindex":0,"rotation":0,"texture":"#2"},"south":{"uv":[10.5,7.75,10.84375,7.9375],"tintindex":0,"rotation":0,"texture":"#2"},"north":{"uv":[0.75,10.75,1.09375,10.9375],"tintindex":0,"rotation":0,"texture":"#2"},"west":{"uv":[9.25,4.25,9.46875,4.4375],"tintindex":0,"rotation":0,"texture":"#2"},"up":{"uv":[10.59375,9.71875,10.25,9.5],"tintindex":0,"rotation":0,"texture":"#2"},"down":{"uv":[10.59375,9.75,10.25,9.96875],"tintindex":0,"rotation":0,"texture":"#2"}}},{"from":[19.68103,28.704271,14.73307],"to":[20.32446,29.991121,15.50518],"faces":{"east":{"uv":[0.0,10.5,0.21875,10.84375],"tintindex":0,"rotation":0,"texture":"#2"},"south":{"uv":[1.25,10.75,1.59375,10.9375],"tintindex":0,"rotation":0,"texture":"#2"},"north":{"uv":[1.75,10.75,2.09375,10.9375],"tintindex":0,"rotation":0,"texture":"#2"},"west":{"uv":[0.25,10.5,0.46875,10.84375],"tintindex":0,"rotation":0,"texture":"#2"},"up":{"uv":[2.9375,11.21875,2.75,11.0],"tintindex":0,"rotation":0,"texture":"#2"},"down":{"uv":[3.1875,11.0,3.0,11.21875],"tintindex":0,"rotation":0,"texture":"#2"}}}],"display":{"gui":{"rotation":[30,225,0]}}}