{"textures":{"6":"modelengine:entity/satan_torso"},"elements":[{"from":[5.276,6.322171,7.124481],"to":[12.724,10.046171,10.848481],"faces":{"east":{"uv":[7.25,6.25,8.25,6.75],"tintindex":0,"rotation":0,"texture":"#6"},"south":{"uv":[4.25,6.25,6.25,6.75],"tintindex":0,"rotation":0,"texture":"#6"},"north":{"uv":[6.0,4.25,8.0,4.75],"tintindex":0,"rotation":0,"texture":"#6"},"west":{"uv":[7.25,6.75,8.25,7.25],"tintindex":0,"rotation":0,"texture":"#6"},"up":{"uv":[8.0,2.0,6.0,1.0],"tintindex":0,"rotation":0,"texture":"#6"},"down":{"uv":[8.0,2.0,6.0,3.0],"tintindex":0,"rotation":0,"texture":"#6"}}},{"from":[4.20535,9.976346,6.1515865],"to":[13.79465,13.839996,10.890376],"faces":{"east":{"uv":[6.25,6.25,7.03125,7.28125],"tintindex":0,"rotation":0,"texture":"#6"},"south":{"uv":[2.75,4.75,5.3125,5.78125],"tintindex":0,"rotation":0,"texture":"#6"},"north":{"uv":[0.0,4.75,2.5625,5.78125],"tintindex":0,"rotation":0,"texture":"#6"},"west":{"uv":[4.25,6.75,5.03125,7.78125],"tintindex":0,"rotation":0,"texture":"#6"},"up":{"uv":[2.5625,6.78125,0.0,6.0],"tintindex":0,"rotation":0,"texture":"#6"},"down":{"uv":[8.5625,0.0,6.0,0.78125],"tintindex":0,"rotation":0,"texture":"#6"}}},{"from":[3.45124,-1.2096186,9.172682],"to":[14.548759,11.060961,9.172682],"faces":{"east":{"uv":[4.0,7.25,4.0625,10.78125],"tintindex":0,"rotation":0,"texture":"#6"},"south":{"uv":[3.0,0.0,5.96875,3.53125],"tintindex":0,"rotation":0,"texture":"#6"},"north":{"uv":[0.0,0.0,2.96875,3.53125],"tintindex":0,"rotation":0,"texture":"#6"},"west":{"uv":[1.5,7.5,1.5625,11.03125],"tintindex":0,"rotation":0,"texture":"#6"},"up":{"uv":[10.46875,3.0625,7.5,3.0],"tintindex":0,"rotation":0,"texture":"#6"},"down":{"uv":[10.46875,3.25,7.5,3.3125],"tintindex":0,"rotation":0,"texture":"#6"}}},{"from":[6.24424,4.3763814,8.297542],"to":[11.75576,8.2679615,9.675422],"faces":{"east":{"uv":[7.25,7.25,7.625,8.28125],"tintindex":0,"rotation":0,"texture":"#6"},"south":{"uv":[6.0,3.0,7.46875,4.03125],"tintindex":0,"rotation":0,"texture":"#6"},"north":{"uv":[2.75,6.0,4.21875,7.03125],"tintindex":0,"rotation":0,"texture":"#6"},"west":{"uv":[1.0,7.5,1.375,8.53125],"tintindex":0,"rotation":0,"texture":"#6"},"up":{"uv":[2.46875,7.375,1.0,7.0],"tintindex":0,"rotation":0,"texture":"#6"},"down":{"uv":[3.96875,7.25,2.5,7.625],"tintindex":0,"rotation":0,"texture":"#6"}}}],"display":{"gui":{"rotation":[30,225,0]}}}