{"textures":{"2":"modelengine:entity/satan"},"elements":[{"from":[10.311674,21.675812,5.9132195],"to":[12.457294,24.215878,11.418625],"faces":{"east":{"uv":[10.5,3.0,13.5625,4.6875],"tintindex":0,"rotation":0,"texture":"#2"},"south":{"uv":[13.5,7.0,14.9375,8.6875],"tintindex":0,"rotation":0,"texture":"#2"},"north":{"uv":[3.0,13.5,4.4375,15.1875],"tintindex":0,"rotation":0,"texture":"#2"},"west":{"uv":[5.5,10.5,8.5625,12.1875],"tintindex":0,"rotation":0,"texture":"#2"},"up":{"uv":[1.4375,14.0625,0.0,11.0],"tintindex":0,"rotation":0,"texture":"#2"},"down":{"uv":[2.9375,11.0,1.5,14.0625],"tintindex":0,"rotation":0,"texture":"#2"}},"rotation":{"origin":[13.450262,23.35459,8.175922],"angle":45.0,"axis":"z"}},{"from":[3.5007744,22.267725,6.6704793],"to":[3.5007744,24.048702,13.385365],"faces":{"east":{"uv":[5.5,12.5,7.6875,13.6875],"tintindex":0,"rotation":0,"texture":"#2"},"south":{"uv":[7.6875,12.5,5.5,13.6875],"tintindex":0,"rotation":0,"texture":"#2"},"north":{"uv":[7.6875,12.5,5.5,13.6875],"tintindex":0,"rotation":0,"texture":"#2"},"west":{"uv":[7.6875,12.5,5.5,13.6875],"tintindex":0,"rotation":0,"texture":"#2"},"up":{"uv":[7.6875,12.5,5.5,13.6875],"tintindex":0,"rotation":0,"texture":"#2"},"down":{"uv":[7.6875,12.5,5.5,13.6875],"tintindex":0,"rotation":0,"texture":"#2"}},"rotation":{"origin":[4.089114,23.49134,9.665522],"angle":-45.0,"axis":"y"}},{"from":[14.499226,22.267725,6.6704793],"to":[14.499226,24.048702,13.385365],"faces":{"east":{"uv":[5.5,12.5,7.6875,13.6875],"tintindex":0,"rotation":0,"texture":"#2"},"south":{"uv":[5.5,12.5,7.6875,13.6875],"tintindex":0,"rotation":0,"texture":"#2"},"north":{"uv":[5.5,12.5,7.6875,13.6875],"tintindex":0,"rotation":0,"texture":"#2"},"west":{"uv":[7.6875,12.5,5.5,13.6875],"tintindex":0,"rotation":0,"texture":"#2"},"up":{"uv":[5.5,12.5,7.6875,13.6875],"tintindex":0,"rotation":0,"texture":"#2"},"down":{"uv":[5.5,12.5,7.6875,13.6875],"tintindex":0,"rotation":0,"texture":"#2"}},"rotation":{"origin":[13.910886,23.49134,9.665522],"angle":45.0,"axis":"y"}},{"from":[5.663296,19.854572,5.867042],"to":[12.336704,22.446476,11.464802],"faces":{"east":{"uv":[0.0,9.0,3.125,10.75],"tintindex":0,"rotation":0,"texture":"#2"},"south":{"uv":[0.0,7.0,4.5,8.75],"tintindex":0,"rotation":0,"texture":"#2"},"north":{"uv":[4.5,6.0,9.0,7.75],"tintindex":0,"rotation":0,"texture":"#2"},"west":{"uv":[9.0,5.0,12.125,6.75],"tintindex":0,"rotation":0,"texture":"#2"},"up":{"uv":[4.5,3.125,0.0,0.0],"tintindex":0,"rotation":0,"texture":"#2"},"down":{"uv":[4.5,3.5,0.0,6.625],"tintindex":0,"rotation":0,"texture":"#2"}}},{"from":[3.5007744,22.267725,6.925679],"to":[5.6484,24.048702,10.406165],"faces":{"east":{"uv":[15.6875,10.5,14.0,11.6875],"tintindex":0,"rotation":0,"texture":"#2"},"south":{"uv":[1.4375,14.5,0.0,15.6875],"tintindex":0,"rotation":0,"texture":"#2"},"north":{"uv":[11.9375,9.0,10.5,10.1875],"tintindex":0,"rotation":0,"texture":"#2"},"west":{"uv":[15.6875,9.0,14.0,10.1875],"tintindex":0,"rotation":0,"texture":"#2"},"up":{"uv":[14.0,3.6875,15.4375,2.0],"tintindex":0,"rotation":0,"texture":"#2"},"down":{"uv":[4.5,14.0,5.9375,15.6875],"tintindex":0,"rotation":0,"texture":"#2"}}},{"from":[12.351601,22.267725,6.925679],"to":[14.499226,24.048702,10.406165],"faces":{"east":{"uv":[14.0,9.0,15.6875,10.1875],"tintindex":0,"rotation":0,"texture":"#2"},"south":{"uv":[0.0,14.5,1.4375,15.6875],"tintindex":0,"rotation":0,"texture":"#2"},"north":{"uv":[10.5,9.0,11.9375,10.1875],"tintindex":0,"rotation":0,"texture":"#2"},"west":{"uv":[14.0,10.5,15.6875,11.6875],"tintindex":0,"rotation":0,"texture":"#2"},"up":{"uv":[15.4375,3.6875,14.0,2.0],"tintindex":0,"rotation":0,"texture":"#2"},"down":{"uv":[5.9375,14.0,4.5,15.6875],"tintindex":0,"rotation":0,"texture":"#2"}}},{"from":[5.5427055,21.675812,5.9132195],"to":[7.6883254,24.215878,11.418625],"faces":{"east":{"uv":[8.5625,10.5,5.5,12.1875],"tintindex":0,"rotation":0,"texture":"#2"},"south":{"uv":[14.9375,7.0,13.5,8.6875],"tintindex":0,"rotation":0,"texture":"#2"},"north":{"uv":[4.4375,13.5,3.0,15.1875],"tintindex":0,"rotation":0,"texture":"#2"},"west":{"uv":[13.5625,3.0,10.5,4.6875],"tintindex":0,"rotation":0,"texture":"#2"},"up":{"uv":[0.0,14.0625,1.4375,11.0],"tintindex":0,"rotation":0,"texture":"#2"},"down":{"uv":[1.5,11.0,2.9375,14.0625],"tintindex":0,"rotation":0,"texture":"#2"}},"rotation":{"origin":[4.5497384,23.35459,8.175922],"angle":-45.0,"axis":"z"}},{"from":[12.202641,21.746365,6.771155],"to":[14.615703,23.002663,10.56069],"faces":{"east":{"uv":[10.5,13.0,12.375,14.3125],"tintindex":0,"rotation":0,"texture":"#2"},"south":{"uv":[8.0,14.0,9.625,15.3125],"tintindex":0,"rotation":0,"texture":"#2"},"north":{"uv":[6.0,14.0,7.625,15.3125],"tintindex":0,"rotation":0,"texture":"#2"},"west":{"uv":[12.5,13.0,14.375,14.3125],"tintindex":0,"rotation":0,"texture":"#2"},"up":{"uv":[13.625,10.875,12.0,9.0],"tintindex":0,"rotation":0,"texture":"#2"},"down":{"uv":[13.625,11.0,12.0,12.875],"tintindex":0,"rotation":0,"texture":"#2"}},"rotation":{"origin":[13.286691,23.357765,8.175922],"angle":-22.5,"axis":"z"}},{"from":[6.7656,16.309324,5.978762],"to":[11.2344,20.033325,11.427563],"faces":{"east":{"uv":[7.5,2.5,10.5,5.0],"tintindex":0,"rotation":0,"texture":"#2"},"south":{"uv":[4.5,8.0,7.5,10.5],"tintindex":0,"rotation":0,"texture":"#2"},"north":{"uv":[7.5,0.0,10.5,2.5],"tintindex":0,"rotation":0,"texture":"#2"},"west":{"uv":[7.5,8.0,10.5,10.5],"tintindex":0,"rotation":0,"texture":"#2"},"up":{"uv":[7.5,3.0,4.5,0.0],"tintindex":0,"rotation":0,"texture":"#2"},"down":{"uv":[7.5,3.0,4.5,6.0],"tintindex":0,"rotation":0,"texture":"#2"}}}],"display":{"gui":{"rotation":[30,225,0]}}}