{"textures":{"5":"modelengine:entity/satan_arm"},"elements":[{"from":[15.387558,-8.157404,8.993832],"to":[20.914759,0.15299606,8.993832],"faces":{"east":{"uv":[0.0,2.125,1.40625,0.0],"tintindex":0,"rotation":0,"texture":"#5"},"south":{"uv":[1.40625,2.125,0.0,0.0],"tintindex":0,"rotation":0,"texture":"#5"},"north":{"uv":[0.0,2.125,1.40625,0.0],"tintindex":0,"rotation":0,"texture":"#5"},"west":{"uv":[0.0,2.125,1.40625,0.0],"tintindex":0,"rotation":0,"texture":"#5"},"up":{"uv":[0.0,2.125,1.40625,0.0],"tintindex":0,"rotation":0,"texture":"#5"},"down":{"uv":[0.0,2.125,1.40625,0.0],"tintindex":0,"rotation":0,"texture":"#5"}},"rotation":{"origin":[17.092758,-3.6690035,8.993832],"angle":22.5,"axis":"z"}},{"from":[11.940001,-1.8739214,8.013831],"to":[16.84,1.0660787,9.973831],"faces":{"east":{"uv":[7.0,7.0,7.5,6.25],"tintindex":0,"rotation":0,"texture":"#5"},"south":{"uv":[5.0,0.75,6.25,0.0],"tintindex":0,"rotation":0,"texture":"#5"},"north":{"uv":[4.75,4.0,6.0,3.25],"tintindex":0,"rotation":0,"texture":"#5"},"west":{"uv":[7.0,7.75,7.5,7.0],"tintindex":0,"rotation":0,"texture":"#5"},"up":{"uv":[7.75,5.25,6.5,4.75],"tintindex":0,"rotation":0,"texture":"#5"},"down":{"uv":[7.5,0.0,6.25,0.5],"tintindex":0,"rotation":0,"texture":"#5"}},"rotation":{"origin":[13.9,0.086078644,8.993832],"angle":-22.5,"axis":"z"}},{"from":[18.309898,13.766859,7.0240316],"to":[20.309097,16.785257,8.023631],"faces":{"east":{"uv":[1.75,4.78125,2.0,4.0],"tintindex":0,"rotation":0,"texture":"#5"},"south":{"uv":[0.5,7.78125,1.0,7.0],"tintindex":0,"rotation":0,"texture":"#5"},"north":{"uv":[5.75,7.53125,6.25,6.75],"tintindex":0,"rotation":0,"texture":"#5"},"west":{"uv":[3.0,7.78125,3.25,7.0],"tintindex":0,"rotation":0,"texture":"#5"},"up":{"uv":[6.75,0.75,6.25,0.5],"tintindex":0,"rotation":0,"texture":"#5"},"down":{"uv":[6.5,3.75,6.0,4.0],"tintindex":0,"rotation":0,"texture":"#5"}},"rotation":{"origin":[18.809698,13.267057,9.0232315],"angle":22.5,"axis":"z"}},{"from":[16.161478,1.3023686,7.0922394],"to":[18.994267,7.996749,10.895424],"faces":{"east":{"uv":[0.0,3.96875,0.96875,2.25],"tintindex":0,"rotation":0,"texture":"#5"},"south":{"uv":[3.0,4.71875,3.71875,3.0],"tintindex":0,"rotation":0,"texture":"#5"},"north":{"uv":[3.0,2.96875,3.71875,1.25],"tintindex":0,"rotation":0,"texture":"#5"},"west":{"uv":[1.0,3.96875,1.96875,2.25],"tintindex":0,"rotation":0,"texture":"#5"},"up":{"uv":[5.21875,6.96875,4.5,6.0],"tintindex":0,"rotation":0,"texture":"#5"},"down":{"uv":[6.71875,2.75,6.0,3.71875],"tintindex":0,"rotation":0,"texture":"#5"}},"rotation":{"origin":[17.577871,4.649559,8.993832],"angle":-22.5,"axis":"z"}},{"from":[16.84,-0.8939209,7.0338316],"to":[19.779999,4.0060787,10.953832],"faces":{"east":{"uv":[2.0,3.5,3.0,2.25],"tintindex":0,"rotation":0,"texture":"#5"},"south":{"uv":[1.75,6.25,2.5,5.0],"tintindex":0,"rotation":0,"texture":"#5"},"north":{"uv":[3.0,6.0,3.75,4.75],"tintindex":0,"rotation":0,"texture":"#5"},"west":{"uv":[3.0,1.25,4.0,0.0],"tintindex":0,"rotation":0,"texture":"#5"},"up":{"uv":[6.5,5.75,5.75,4.75],"tintindex":0,"rotation":0,"texture":"#5"},"down":{"uv":[4.5,5.75,3.75,6.75],"tintindex":0,"rotation":0,"texture":"#5"}},"rotation":{"origin":[16.84,4.9860783,8.993832],"angle":-22.5,"axis":"z"}},{"from":[17.325531,7.3831234,8.288232],"to":[20.06953,13.851124,9.699431],"faces":{"east":{"uv":[3.25,7.65625,3.625,6.0],"tintindex":0,"rotation":0,"texture":"#5"},"south":{"uv":[3.75,5.65625,4.4375,4.0],"tintindex":0,"rotation":0,"texture":"#5"},"north":{"uv":[1.0,5.65625,1.6875,4.0],"tintindex":0,"rotation":0,"texture":"#5"},"west":{"uv":[5.25,7.65625,5.625,6.0],"tintindex":0,"rotation":0,"texture":"#5"},"up":{"uv":[7.9375,3.375,7.25,3.0],"tintindex":0,"rotation":0,"texture":"#5"},"down":{"uv":[5.6875,0.75,5.0,1.125],"tintindex":0,"rotation":0,"texture":"#5"}}},{"from":[18.31,13.806078,7.0338316],"to":[20.27,17.726078,10.953832],"faces":{"east":{"uv":[4.75,2.25,5.75,1.25],"tintindex":0,"rotation":0,"texture":"#5"},"south":{"uv":[0.0,7.5,0.5,6.5],"tintindex":0,"rotation":0,"texture":"#5"},"north":{"uv":[2.5,6.0,3.0,5.0],"tintindex":0,"rotation":0,"texture":"#5"},"west":{"uv":[4.75,3.25,5.75,2.25],"tintindex":0,"rotation":0,"texture":"#5"},"up":{"uv":[7.25,1.5,6.75,0.5],"tintindex":0,"rotation":0,"texture":"#5"},"down":{"uv":[7.0,6.25,6.5,7.25],"tintindex":0,"rotation":0,"texture":"#5"}}},{"from":[17.880077,12.358471,7.6790633],"to":[19.040398,13.699112,10.308599],"faces":{"east":{"uv":[6.25,7.59375,6.90625,7.25],"tintindex":0,"rotation":0,"texture":"#5"},"south":{"uv":[2.0,8.09375,2.28125,7.75],"tintindex":0,"rotation":0,"texture":"#5"},"north":{"uv":[1.5,8.09375,1.78125,7.75],"tintindex":0,"rotation":0,"texture":"#5"},"west":{"uv":[7.5,0.34375,8.15625,0.0],"tintindex":0,"rotation":0,"texture":"#5"},"up":{"uv":[7.78125,6.90625,7.5,6.25],"tintindex":0,"rotation":0,"texture":"#5"},"down":{"uv":[0.28125,7.5,0.0,8.15625],"tintindex":0,"rotation":0,"texture":"#5"}}},{"from":[17.492357,5.83809,7.187319],"to":[19.452356,9.404751,10.8003435],"faces":{"east":{"uv":[5.75,1.65625,6.65625,0.75],"tintindex":0,"rotation":0,"texture":"#5"},"south":{"uv":[6.75,3.40625,7.25,2.5],"tintindex":0,"rotation":0,"texture":"#5"},"north":{"uv":[6.75,2.40625,7.25,1.5],"tintindex":0,"rotation":0,"texture":"#5"},"west":{"uv":[5.75,2.65625,6.65625,1.75],"tintindex":0,"rotation":0,"texture":"#5"},"up":{"uv":[4.25,7.65625,3.75,6.75],"tintindex":0,"rotation":0,"texture":"#5"},"down":{"uv":[7.25,3.5,6.75,4.40625],"tintindex":0,"rotation":0,"texture":"#5"}},"rotation":{"origin":[19.80862,9.008611,8.993832],"angle":22.5,"axis":"z"}},{"from":[14.464899,-1.1463728,7.0730314],"to":[17.3461,3.6556273,10.914631],"faces":{"east":{"uv":[3.75,3.96875,4.71875,2.75],"tintindex":0,"rotation":0,"texture":"#5"},"south":{"uv":[0.75,6.96875,1.5,5.75],"tintindex":0,"rotation":0,"texture":"#5"},"north":{"uv":[0.0,6.46875,0.75,5.25],"tintindex":0,"rotation":0,"texture":"#5"},"west":{"uv":[0.0,5.21875,0.96875,4.0],"tintindex":0,"rotation":0,"texture":"#5"},"up":{"uv":[3.25,6.96875,2.5,6.0],"tintindex":0,"rotation":0,"texture":"#5"},"down":{"uv":[6.5,5.75,5.75,6.71875],"tintindex":0,"rotation":0,"texture":"#5"}},"rotation":{"origin":[15.9054985,1.2546272,8.993832],"angle":-45.0,"axis":"z"}},{"from":[15.387558,-3.2574043,8.425431],"to":[18.954758,1.1329961,9.562231],"faces":{"east":{"uv":[7.25,1.625,7.53125,0.5],"tintindex":0,"rotation":0,"texture":"#5"},"south":{"uv":[4.5,5.125,5.40625,4.0],"tintindex":0,"rotation":0,"texture":"#5"},"north":{"uv":[4.0,1.125,4.90625,0.0],"tintindex":0,"rotation":0,"texture":"#5"},"west":{"uv":[7.25,2.875,7.53125,1.75],"tintindex":0,"rotation":0,"texture":"#5"},"up":{"uv":[8.15625,4.28125,7.25,4.0],"tintindex":0,"rotation":0,"texture":"#5"},"down":{"uv":[8.15625,3.5,7.25,3.78125],"tintindex":0,"rotation":0,"texture":"#5"}},"rotation":{"origin":[16.112759,-1.7090034,8.993832],"angle":22.5,"axis":"z"}},{"from":[17.888922,7.3831234,7.3082314],"to":[19.652924,12.871124,10.679432],"faces":{"east":{"uv":[2.0,4.90625,2.875,3.5],"tintindex":0,"rotation":0,"texture":"#5"},"south":{"uv":[2.0,7.65625,2.4375,6.25],"tintindex":0,"rotation":0,"texture":"#5"},"north":{"uv":[1.5,7.65625,1.9375,6.25],"tintindex":0,"rotation":0,"texture":"#5"},"west":{"uv":[3.75,2.65625,4.625,1.25],"tintindex":0,"rotation":0,"texture":"#5"},"up":{"uv":[2.9375,7.875,2.5,7.0],"tintindex":0,"rotation":0,"texture":"#5"},"down":{"uv":[1.4375,7.0,1.0,7.875],"tintindex":0,"rotation":0,"texture":"#5"}}}],"display":{"gui":{"rotation":[30,225,0]}}}