{"textures":{"14":"block/stone/cube","5":"modelengine:entity/satan_arm"},"elements":[{"from":[2.2384787,-5.466564,6.0382314],"to":[4.982478,1.0014362,7.4494314],"faces":{"east":{"uv":[5.625,6.0,5.25,7.65625],"tintindex":0,"rotation":0,"texture":"#5"},"south":{"uv":[4.4375,4.0,3.75,5.65625],"tintindex":0,"rotation":0,"texture":"#5"},"north":{"uv":[1.6875,4.0,1.0,5.65625],"tintindex":0,"rotation":0,"texture":"#5"},"west":{"uv":[3.625,6.0,3.25,7.65625],"tintindex":0,"rotation":0,"texture":"#5"},"up":{"uv":[5.0,1.125,5.6875,0.75],"tintindex":0,"rotation":0,"texture":"#5"},"down":{"uv":[7.25,3.0,7.9375,3.375],"tintindex":0,"rotation":0,"texture":"#5"}}},{"from":[1.9989128,-8.400698,4.7740316],"to":[3.9981127,-5.3822975,5.7736316],"faces":{"east":{"uv":[3.25,7.0,3.0,7.78125],"tintindex":0,"rotation":0,"texture":"#5"},"south":{"uv":[1.0,7.0,0.5,7.78125],"tintindex":0,"rotation":0,"texture":"#5"},"north":{"uv":[6.25,6.75,5.75,7.53125],"tintindex":0,"rotation":0,"texture":"#5"},"west":{"uv":[2.0,4.0,1.75,4.78125],"tintindex":0,"rotation":0,"texture":"#5"},"up":{"uv":[6.0,4.0,6.5,3.75],"tintindex":0,"rotation":0,"texture":"#5"},"down":{"uv":[6.25,0.5,6.75,0.75],"tintindex":0,"rotation":0,"texture":"#5"}},"rotation":{"origin":[3.498313,-4.882498,6.7732315],"angle":22.5,"axis":"z"}},{"from":[3.3532515,7.251564,6.1754313],"to":[6.9204516,11.641964,7.3122315],"faces":{"east":{"uv":[7.53125,1.75,7.25,2.875],"tintindex":0,"rotation":0,"texture":"#5"},"south":{"uv":[5.40625,4.0,4.5,5.125],"tintindex":0,"rotation":0,"texture":"#5"},"north":{"uv":[4.90625,0.0,4.0,1.125],"tintindex":0,"rotation":0,"texture":"#5"},"west":{"uv":[7.53125,0.5,7.25,1.625],"tintindex":0,"rotation":0,"texture":"#5"},"up":{"uv":[7.25,3.78125,8.15625,3.5],"tintindex":0,"rotation":0,"texture":"#5"},"down":{"uv":[7.25,4.0,8.15625,4.28125],"tintindex":0,"rotation":0,"texture":"#5"}},"rotation":{"origin":[6.1952515,10.093564,6.7438316],"angle":22.5,"axis":"z"}},{"from":[2.5280104,4.3784814,4.7838316],"to":[5.46801,9.2784815,8.703832],"faces":{"east":{"uv":[4.0,0.0,3.0,1.25],"tintindex":0,"rotation":0,"texture":"#5"},"south":{"uv":[2.5,5.0,1.75,6.25],"tintindex":0,"rotation":0,"texture":"#5"},"north":{"uv":[3.75,4.75,3.0,6.0],"tintindex":0,"rotation":0,"texture":"#5"},"west":{"uv":[3.0,2.25,2.0,3.5],"tintindex":0,"rotation":0,"texture":"#5"},"up":{"uv":[3.75,6.75,4.5,5.75],"tintindex":0,"rotation":0,"texture":"#5"},"down":{"uv":[5.75,4.75,6.5,5.75],"tintindex":0,"rotation":0,"texture":"#5"}},"rotation":{"origin":[5.46801,3.3984814,6.7438316],"angle":-22.5,"axis":"z"}},{"from":[4.961911,4.728933,4.8230314],"to":[7.8431115,9.530933,8.664631],"faces":{"east":{"uv":[0.96875,4.0,0.0,5.21875],"tintindex":0,"rotation":0,"texture":"#5"},"south":{"uv":[1.5,5.75,0.75,6.96875],"tintindex":0,"rotation":0,"texture":"#5"},"north":{"uv":[0.75,5.25,0.0,6.46875],"tintindex":0,"rotation":0,"texture":"#5"},"west":{"uv":[4.71875,2.75,3.75,3.96875],"tintindex":0,"rotation":0,"texture":"#5"},"up":{"uv":[5.75,6.71875,6.5,5.75],"tintindex":0,"rotation":0,"texture":"#5"},"down":{"uv":[2.5,6.0,3.25,6.96875],"tintindex":0,"rotation":0,"texture":"#5"}},"rotation":{"origin":[6.4025116,7.129933,6.7438316],"angle":-45.0,"axis":"z"}},{"from":[1.3932514,8.231564,6.7438316],"to":[6.9204516,16.541964,6.7438316],"faces":{"east":{"uv":[1.40625,0.0,0.0,2.125],"tintindex":0,"rotation":0,"texture":"#5"},"south":{"uv":[0.0,0.0,1.40625,2.125],"tintindex":0,"rotation":0,"texture":"#5"},"north":{"uv":[1.40625,0.0,0.0,2.125],"tintindex":0,"rotation":0,"texture":"#5"},"west":{"uv":[1.40625,0.0,0.0,2.125],"tintindex":0,"rotation":0,"texture":"#5"},"up":{"uv":[1.40625,0.0,0.0,2.125],"tintindex":0,"rotation":0,"texture":"#5"},"down":{"uv":[1.40625,0.0,0.0,2.125],"tintindex":0,"rotation":0,"texture":"#5"}},"rotation":{"origin":[5.215251,12.053564,6.7438316],"angle":22.5,"axis":"z"}},{"from":[3.2676125,-5.3145504,5.4290633],"to":[4.4279327,-3.9739113,8.058599],"faces":{"east":{"uv":[8.15625,0.0,7.5,0.34375],"tintindex":0,"rotation":0,"texture":"#5"},"south":{"uv":[2.28125,7.75,2.0,8.09375],"tintindex":0,"rotation":0,"texture":"#5"},"north":{"uv":[1.78125,7.75,1.5,8.09375],"tintindex":0,"rotation":0,"texture":"#5"},"west":{"uv":[6.90625,7.25,6.25,7.59375],"tintindex":0,"rotation":0,"texture":"#5"},"up":{"uv":[0.0,8.15625,0.28125,7.5],"tintindex":0,"rotation":0,"texture":"#5"},"down":{"uv":[7.5,6.25,7.78125,6.90625],"tintindex":0,"rotation":0,"texture":"#5"}}},{"from":[2.8556538,-1.0201912,4.937319],"to":[4.815654,2.5464697,8.5503435],"faces":{"east":{"uv":[6.65625,1.75,5.75,2.65625],"tintindex":0,"rotation":0,"texture":"#5"},"south":{"uv":[7.25,2.5,6.75,3.40625],"tintindex":0,"rotation":0,"texture":"#5"},"north":{"uv":[7.25,1.5,6.75,2.40625],"tintindex":0,"rotation":0,"texture":"#5"},"west":{"uv":[6.65625,0.75,5.75,1.65625],"tintindex":0,"rotation":0,"texture":"#5"},"up":{"uv":[6.75,4.40625,7.25,3.5],"tintindex":0,"rotation":0,"texture":"#5"},"down":{"uv":[3.75,6.75,4.25,7.65625],"tintindex":0,"rotation":0,"texture":"#5"}},"rotation":{"origin":[2.4993887,-0.62405014,6.7438316],"angle":22.5,"axis":"z"}},{"from":[2.0380096,-9.341518,4.7838316],"to":[3.9980097,-5.4215183,8.703832],"faces":{"east":{"uv":[5.75,2.25,4.75,3.25],"tintindex":0,"rotation":0,"texture":"#5"},"south":{"uv":[0.5,6.5,0.0,7.5],"tintindex":0,"rotation":0,"texture":"#5"},"north":{"uv":[3.0,5.0,2.5,6.0],"tintindex":0,"rotation":0,"texture":"#5"},"west":{"uv":[5.75,1.25,4.75,2.25],"tintindex":0,"rotation":0,"texture":"#5"},"up":{"uv":[6.5,7.25,7.0,6.25],"tintindex":0,"rotation":0,"texture":"#5"},"down":{"uv":[6.75,0.5,7.25,1.5],"tintindex":0,"rotation":0,"texture":"#5"}}},{"from":[3.3137445,0.38781166,4.8422394],"to":[6.146533,7.0821915,8.645424],"faces":{"east":{"uv":[1.96875,2.25,1.0,3.96875],"tintindex":0,"rotation":0,"texture":"#5"},"south":{"uv":[3.71875,3.0,3.0,4.71875],"tintindex":0,"rotation":0,"texture":"#5"},"north":{"uv":[3.71875,1.25,3.0,2.96875],"tintindex":0,"rotation":0,"texture":"#5"},"west":{"uv":[0.96875,2.25,0.0,3.96875],"tintindex":0,"rotation":0,"texture":"#5"},"up":{"uv":[6.0,3.71875,6.71875,2.75],"tintindex":0,"rotation":0,"texture":"#5"},"down":{"uv":[4.5,6.0,5.21875,6.96875],"tintindex":0,"rotation":0,"texture":"#5"}},"rotation":{"origin":[4.730139,3.7350016,6.7438316],"angle":-22.5,"axis":"z"}},{"from":[2.6550875,-4.4865637,5.0582314],"to":[4.4190884,1.0014362,8.429432],"faces":{"east":{"uv":[4.625,1.25,3.75,2.65625],"tintindex":0,"rotation":0,"texture":"#5"},"south":{"uv":[2.4375,6.25,2.0,7.65625],"tintindex":0,"rotation":0,"texture":"#5"},"north":{"uv":[1.9375,6.25,1.5,7.65625],"tintindex":0,"rotation":0,"texture":"#5"},"west":{"uv":[2.875,3.5,2.0,4.90625],"tintindex":0,"rotation":0,"texture":"#5"},"up":{"uv":[1.0,7.875,1.4375,7.0],"tintindex":0,"rotation":0,"texture":"#5"},"down":{"uv":[2.5,7.0,2.9375,7.875],"tintindex":0,"rotation":0,"texture":"#5"}}},{"from":[13.307562,8.9818325,5.1561193],"to":[14.17049,9.844761,5.6762695],"faces":{"east":{"uv":[4.0,6.0,6.0,8.0],"tintindex":0,"rotation":0,"texture":"#14"},"south":{"uv":[4.0,6.0,6.0,8.0],"tintindex":0,"rotation":0,"texture":"#14"},"north":{"uv":[4.0,6.0,6.0,8.0],"tintindex":0,"rotation":0,"texture":"#14"},"west":{"uv":[4.0,6.0,6.0,8.0],"tintindex":0,"rotation":0,"texture":"#14"},"up":{"uv":[4.0,6.0,6.0,8.0],"tintindex":0,"rotation":0,"texture":"#14"},"down":{"uv":[4.0,6.0,6.0,8.0],"tintindex":0,"rotation":0,"texture":"#14"}},"rotation":{"origin":[13.357647,9.801405,5.3641796],"angle":-45.0,"axis":"z"}},{"from":[5.46801,7.3184814,5.763831],"to":[10.36801,10.258482,7.723831],"faces":{"east":{"uv":[7.5,7.0,7.0,7.75],"tintindex":0,"rotation":0,"texture":"#5"},"south":{"uv":[6.25,0.0,5.0,0.75],"tintindex":0,"rotation":0,"texture":"#5"},"north":{"uv":[6.0,3.25,4.75,4.0],"tintindex":0,"rotation":0,"texture":"#5"},"west":{"uv":[7.5,6.25,7.0,7.0],"tintindex":0,"rotation":0,"texture":"#5"},"up":{"uv":[6.25,0.5,7.5,0.0],"tintindex":0,"rotation":0,"texture":"#5"},"down":{"uv":[6.5,4.75,7.75,5.25],"tintindex":0,