{"textures":{"0":"modelengine:entity/phoenix"},"elements":[{"from":[-4.984009,8.002083,3.0738578],"to":[8.01599,8.002083,17.573858],"faces":{"up":{"uv":[1.625,1.8125,0.0,0.0],"tintindex":0,"rotation":0,"texture":"#0"},"down":{"uv":[1.625,0.0,0.0,1.8125],"tintindex":0,"rotation":0,"texture":"#0"}}},{"from":[-3.1802654,7.514583,7.9809637],"to":[5.3197336,8.477083,8.980964],"faces":{"east":{"uv":[7.25,3.8125,7.375,3.9375],"tintindex":0,"rotation":0,"texture":"#0"},"south":{"uv":[6.3125,4.625,7.375,4.75],"tintindex":0,"rotation":0,"texture":"#0"},"north":{"uv":[6.3125,4.4375,7.375,4.5625],"tintindex":0,"rotation":0,"texture":"#0"},"west":{"uv":[7.25,4.0,7.375,4.125],"tintindex":0,"rotation":0,"texture":"#0"},"up":{"uv":[7.375,4.9375,6.3125,4.8125],"tintindex":0,"rotation":0,"texture":"#0"},"down":{"uv":[7.375,5.0,6.3125,5.125],"tintindex":0,"rotation":0,"texture":"#0"}},"rotation":{"origin":[1.0697346,7.9958334,8.480964],"angle":22.5,"axis":"y"}},{"from":[4.101777,7.5020833,4.6951785],"to":[9.101777,8.502083,5.6951785],"faces":{"east":{"uv":[1.3125,7.1875,1.4375,7.3125],"tintindex":0,"rotation":0,"texture":"#0"},"south":{"uv":[0.75,6.625,1.375,6.75],"tintindex":0,"rotation":0,"texture":"#0"},"north":{"uv":[0.75,6.4375,1.375,6.5625],"tintindex":0,"rotation":0,"texture":"#0"},"west":{"uv":[5.375,7.1875,5.5,7.3125],"tintindex":0,"rotation":0,"texture":"#0"},"up":{"uv":[2.0625,6.8125,1.4375,6.6875],"tintindex":0,"rotation":0,"texture":"#0"},"down":{"uv":[6.625,6.6875,6.0,6.8125],"tintindex":0,"rotation":0,"texture":"#0"}},"rotation":{"origin":[6.601777,8.002083,5.1951785],"angle":45.0,"axis":"y"}}],"display":{"gui":{"rotation":[30,225,0]}}}