{"textures":{"0":"modelengine:entity/phoenix"},"elements":[{"from":[-1.0835352,7.0041666,-1.0885582],"to":[0.9164648,9.004167,3.9114418],"faces":{"east":{"uv":[4.875,6.8125,5.1875,6.9375],"tintindex":0,"rotation":0,"texture":"#0"},"south":{"uv":[7.25,3.625,7.375,3.75],"tintindex":0,"rotation":0,"texture":"#0"},"north":{"uv":[3.625,7.25,3.75,7.375],"tintindex":0,"rotation":0,"texture":"#0"},"west":{"uv":[0.4375,7.0,0.75,7.125],"tintindex":0,"rotation":0,"texture":"#0"},"up":{"uv":[4.1875,6.6875,4.0625,6.375],"tintindex":0,"rotation":0,"texture":"#0"},"down":{"uv":[3.0,6.875,2.875,7.1875],"tintindex":0,"rotation":0,"texture":"#0"}},"rotation":{"origin":[-0.083535194,8.004167,1.4114418],"angle":22.5,"axis":"y"}},{"from":[0.070614815,7.029166,3.8109312],"to":[4.070615,8.954166,5.810931],"faces":{"east":{"uv":[3.4375,7.25,3.5625,7.375],"tintindex":0,"rotation":0,"texture":"#0"},"south":{"uv":[4.75,7.0,5.0,7.125],"tintindex":0,"rotation":0,"texture":"#0"},"north":{"uv":[6.0,6.5,6.25,6.625],"tintindex":0,"rotation":0,"texture":"#0"},"west":{"uv":[7.25,3.4375,7.375,3.5625],"tintindex":0,"rotation":0,"texture":"#0"},"up":{"uv":[5.3125,7.125,5.0625,7.0],"tintindex":0,"rotation":0,"texture":"#0"},"down":{"uv":[5.625,7.0,5.375,7.125],"tintindex":0,"rotation":0,"texture":"#0"}},"rotation":{"origin":[2.0706148,7.991667,4.810931],"angle":-45.0,"axis":"y"}},{"from":[2.932043,7.0041666,6.1564217],"to":[8.932043,9.004167,8.156422],"faces":{"east":{"uv":[2.8125,7.25,2.9375,7.375],"tintindex":0,"rotation":0,"texture":"#0"},"south":{"uv":[1.625,6.875,2.0,7.0],"tintindex":0,"rotation":0,"texture":"#0"},"north":{"uv":[3.6875,6.8125,4.0625,6.9375],"tintindex":0,"rotation":0,"texture":"#0"},"west":{"uv":[3.25,7.25,3.375,7.375],"tintindex":0,"rotation":0,"texture":"#0"},"up":{"uv":[2.8125,7.0,2.4375,6.875],"tintindex":0,"rotation":0,"texture":"#0"},"down":{"uv":[6.375,6.875,6.0,7.0],"tintindex":0,"rotation":0,"texture":"#0"}},"rotation":{"origin":[5.9320436,8.004167,7.1564217],"angle":-22.5,"axis":"y"}},{"from":[-0.116363525,8.004167,-1.280941],"to":[8.883636,8.004167,27.719059],"faces":{"up":{"uv":[1.8125,5.5625,1.25,3.75],"tintindex":0,"rotation":0,"texture":"#0"},"down":{"uv":[1.8125,3.75,1.25,5.5625],"tintindex":0,"rotation":0,"texture":"#0"}}}],"display":{"gui":{"rotation":[30,225,0]}}}