{"textures":{"0":"modelengine:entity/phoenix"},"elements":[{"from":[7.9840097,8.002083,3.0738578],"to":[20.984009,8.002083,17.573858],"faces":{"up":{"uv":[0.0,1.8125,1.625,0.0],"tintindex":0,"rotation":0,"texture":"#0"},"down":{"uv":[0.0,0.0,1.625,1.8125],"tintindex":0,"rotation":0,"texture":"#0"}}},{"from":[6.898223,7.5020833,4.6951785],"to":[11.898223,8.502083,5.6951785],"faces":{"east":{"uv":[5.5,7.1875,5.375,7.3125],"tintindex":0,"rotation":0,"texture":"#0"},"south":{"uv":[1.375,6.625,0.75,6.75],"tintindex":0,"rotation":0,"texture":"#0"},"north":{"uv":[1.375,6.4375,0.75,6.5625],"tintindex":0,"rotation":0,"texture":"#0"},"west":{"uv":[1.4375,7.1875,1.3125,7.3125],"tintindex":0,"rotation":0,"texture":"#0"},"up":{"uv":[1.4375,6.8125,2.0625,6.6875],"tintindex":0,"rotation":0,"texture":"#0"},"down":{"uv":[6.0,6.6875,6.625,6.8125],"tintindex":0,"rotation":0,"texture":"#0"}},"rotation":{"origin":[9.398223,8.002083,5.1951785],"angle":-45.0,"axis":"y"}},{"from":[10.680266,7.514583,7.9809637],"to":[19.180265,8.477083,8.980964],"faces":{"east":{"uv":[7.375,4.0,7.25,4.125],"tintindex":0,"rotation":0,"texture":"#0"},"south":{"uv":[7.375,4.625,6.3125,4.75],"tintindex":0,"rotation":0,"texture":"#0"},"north":{"uv":[7.375,4.4375,6.3125,4.5625],"tintindex":0,"rotation":0,"texture":"#0"},"west":{"uv":[7.375,3.8125,7.25,3.9375],"tintindex":0,"rotation":0,"texture":"#0"},"up":{"uv":[6.3125,4.9375,7.375,4.8125],"tintindex":0,"rotation":0,"texture":"#0"},"down":{"uv":[6.3125,5.0,7.375,5.125],"tintindex":0,"rotation":0,"texture":"#0"}},"rotation":{"origin":[14.930265,7.9958334,8.480964],"angle":-22.5,"axis":"y"}}],"display":{"gui":{"rotation":[30,225,0]}}}