{"textures":{"0":"modelengine:entity/phoenix"},"elements":[{"from":[7.0679564,7.0041666,6.1564217],"to":[13.067957,9.004167,8.156422],"faces":{"east":{"uv":[3.375,7.25,3.25,7.375],"tintindex":0,"rotation":0,"texture":"#0"},"south":{"uv":[2.0,6.875,1.625,7.0],"tintindex":0,"rotation":0,"texture":"#0"},"north":{"uv":[4.0625,6.8125,3.6875,6.9375],"tintindex":0,"rotation":0,"texture":"#0"},"west":{"uv":[2.9375,7.25,2.8125,7.375],"tintindex":0,"rotation":0,"texture":"#0"},"up":{"uv":[2.4375,7.0,2.8125,6.875],"tintindex":0,"rotation":0,"texture":"#0"},"down":{"uv":[6.0,6.875,6.375,7.0],"tintindex":0,"rotation":0,"texture":"#0"}},"rotation":{"origin":[10.067957,8.004167,7.1564217],"angle":22.5,"axis":"y"}},{"from":[15.083535,7.0041666,-1.0885582],"to":[17.083534,9.004167,3.9114418],"faces":{"east":{"uv":[0.75,7.0,0.4375,7.125],"tintindex":0,"rotation":0,"texture":"#0"},"south":{"uv":[7.375,3.625,7.25,3.75],"tintindex":0,"rotation":0,"texture":"#0"},"north":{"uv":[3.75,7.25,3.625,7.375],"tintindex":0,"rotation":0,"texture":"#0"},"west":{"uv":[5.1875,6.8125,4.875,6.9375],"tintindex":0,"rotation":0,"texture":"#0"},"up":{"uv":[4.0625,6.6875,4.1875,6.375],"tintindex":0,"rotation":0,"texture":"#0"},"down":{"uv":[2.875,6.875,3.0,7.1875],"tintindex":0,"rotation":0,"texture":"#0"}},"rotation":{"origin":[16.083534,8.004167,1.4114418],"angle":-22.5,"axis":"y"}},{"from":[11.929385,7.029166,3.8109312],"to":[15.929385,8.954166,5.810931],"faces":{"east":{"uv":[7.375,3.4375,7.25,3.5625],"tintindex":0,"rotation":0,"texture":"#0"},"south":{"uv":[5.0,7.0,4.75,7.125],"tintindex":0,"rotation":0,"texture":"#0"},"north":{"uv":[6.25,6.5,6.0,6.625],"tintindex":0,"rotation":0,"texture":"#0"},"west":{"uv":[3.5625,7.25,3.4375,7.375],"tintindex":0,"rotation":0,"texture":"#0"},"up":{"uv":[5.0625,7.125,5.3125,7.0],"tintindex":0,"rotation":0,"texture":"#0"},"down":{"uv":[5.375,7.0,5.625,7.125],"tintindex":0,"rotation":0,"texture":"#0"}},"rotation":{"origin":[13.929385,7.991667,4.810931],"angle":45.0,"axis":"y"}},{"from":[7.1163635,8.004167,-1.280941],"to":[16.116364,8.004167,27.719059],"faces":{"up":{"uv":[1.25,5.5625,1.8125,3.75],"tintindex":0,"rotation":0,"texture":"#0"},"down":{"uv":[1.25,3.75,1.8125,5.5625],"tintindex":0,"rotation":0,"texture":"#0"}}}],"display":{"gui":{"rotation":[30,225,0]}}}