{"textures":{"0":"modelengine:entity/phoenix"},"elements":[{"from":[7.980812,7.0299997,-1.0113707],"to":[16.980812,8.955,0.98862934],"faces":{"east":{"uv":[5.875,7.1875,5.75,7.3125],"tintindex":0,"rotation":0,"texture":"#0"},"south":{"uv":[7.3125,1.625,6.75,1.75],"tintindex":0,"rotation":0,"texture":"#0"},"north":{"uv":[7.3125,1.0,6.75,1.125],"tintindex":0,"rotation":0,"texture":"#0"},"west":{"uv":[5.6875,7.1875,5.5625,7.3125],"tintindex":0,"rotation":0,"texture":"#0"},"up":{"uv":[6.75,1.9375,7.3125,1.8125],"tintindex":0,"rotation":0,"texture":"#0"},"down":{"uv":[6.75,2.0,7.3125,2.125],"tintindex":0,"rotation":0,"texture":"#0"}}},{"from":[7.980812,8.005,-1.0113707],"to":[16.980812,8.005,27.988628],"faces":{"up":{"uv":[0.0,5.5625,0.5625,3.75],"tintindex":0,"rotation":0,"texture":"#0"},"down":{"uv":[0.0,3.75,0.5625,5.5625],"tintindex":0,"rotation":0,"texture":"#0"}}}],"display":{"gui":{"rotation":[30,225,0]}}}