{"textures":{"0":"modelengine:entity/shadow_dragon"},"elements":[{"from":[2.5,-2.8318968,-2.9431705],"to":[13.5,10.168102,10.056829],"faces":{"east":{"uv":[5.8125,0.0,6.625,0.8125],"tintindex":0,"rotation":0,"texture":"#0"},"south":{"uv":[6.5,1.75,7.1875,2.5625],"tintindex":0,"rotation":0,"texture":"#0"},"north":{"uv":[6.5,1.75,7.1875,2.5625],"tintindex":0,"rotation":0,"texture":"#0"},"west":{"uv":[5.8125,0.875,6.625,1.6875],"tintindex":0,"rotation":0,"texture":"#0"},"up":{"uv":[7.25,7.1875,6.5625,6.375],"tintindex":0,"rotation":0,"texture":"#0"},"down":{"uv":[7.375,0.0,6.6875,0.8125],"tintindex":0,"rotation":0,"texture":"#0"}},"rotation":{"origin":[8.0,3.6681023,3.55683],"angle":-45.0,"axis":"x"}},{"from":[11.5,7.415947,-9.337461],"to":[11.5,14.415947,2.662538],"faces":{"east":{"uv":[8.6875,3.875,7.9375,4.3125],"tintindex":0,"rotation":0,"texture":"#0"},"west":{"uv":[7.9375,3.875,8.6875,4.3125],"tintindex":0,"rotation":0,"texture":"#0"}},"rotation":{"origin":[11.5,10.915947,-3.3374615],"angle":-45.0,"axis":"x"}},{"from":[4.5,7.415947,-9.337461],"to":[4.5,14.415947,2.662538],"faces":{"east":{"uv":[8.6875,3.875,7.9375,4.3125],"tintindex":0,"rotation":0,"texture":"#0"},"west":{"uv":[7.9375,3.875,8.6875,4.3125],"tintindex":0,"rotation":0,"texture":"#0"}},"rotation":{"origin":[4.5,10.915947,-3.3374615],"angle":-45.0,"axis":"x"}}],"display":{"gui":{"rotation":[30,225,0]}}}