{"textures":{"0":"modelengine:entity/shadow_dragon"},"elements":[{"from":[5.5,5.083333,-1.0393639],"to":[10.5,8.083333,7.960636],"faces":{"east":{"uv":[5.0625,9.5625,5.625,9.75],"tintindex":0,"rotation":0,"texture":"#0"},"south":{"uv":[8.0,1.125,8.3125,1.3125],"tintindex":0,"rotation":0,"texture":"#0"},"north":{"uv":[7.25,2.375,7.5625,2.5625],"tintindex":0,"rotation":0,"texture":"#0"},"west":{"uv":[5.6875,9.5625,6.25,9.75],"tintindex":0,"rotation":0,"texture":"#0"},"up":{"uv":[6.5,6.0625,6.1875,5.5],"tintindex":0,"rotation":0,"texture":"#0"},"down":{"uv":[4.0625,9.0625,3.75,9.625],"tintindex":0,"rotation":0,"texture":"#0"}}},{"from":[10.5,8.083333,-1.0393639],"to":[10.5,10.083333,7.960636],"faces":{"east":{"uv":[10.375,1.375,9.8125,1.5],"tintindex":0,"rotation":0,"texture":"#0"},"west":{"uv":[9.8125,1.375,10.375,1.5],"tintindex":0,"rotation":0,"texture":"#0"}}},{"from":[8.0,-0.91666603,-1.0393639],"to":[8.0,5.083333,7.960636],"faces":{"east":{"uv":[7.1875,8.875,6.625,9.25],"tintindex":0,"rotation":0,"texture":"#0"},"west":{"uv":[6.625,8.875,7.1875,9.25],"tintindex":0,"rotation":0,"texture":"#0"}}},{"from":[5.5,8.083333,-1.0393639],"to":[5.5,10.083333,7.960636],"faces":{"east":{"uv":[10.375,1.375,9.8125,1.5],"tintindex":0,"rotation":0,"texture":"#0"},"west":{"uv":[9.8125,1.375,10.375,1.5],"tintindex":0,"rotation":0,"texture":"#0"}}}],"display":{"gui":{"rotation":[30,225,0]}}}