{"textures":{"0":"modelengine:entity/shadow_dragon","1":"modelengine:entity/shadow_spirit"},"elements":[{"from":[1.5240235,-2.1413221,9.010767],"to":[1.5240235,8.858677,25.010767],"faces":{"east":{"uv":[4.0625,3.0,0.0625,5.75],"tintindex":0,"rotation":0,"texture":"#1"},"west":{"uv":[0.0625,3.0,4.0625,5.75],"tintindex":0,"rotation":0,"texture":"#1"}},"rotation":{"origin":[3.5240235,5.108677,17.010767],"angle":-22.5,"axis":"y"}},{"from":[3.1173806,-1.3099709,4.010767],"to":[8.11738,8.690029,11.010767],"faces":{"east":{"uv":[1.0625,8.5,1.5,9.125],"tintindex":0,"rotation":0,"texture":"#0"},"south":{"uv":[7.25,8.875,7.5625,9.5],"tintindex":0,"rotation":0,"texture":"#0"},"north":{"uv":[7.25,8.875,7.5625,9.5],"tintindex":0,"rotation":0,"texture":"#0"},"west":{"uv":[1.0625,8.5,1.5,9.125],"tintindex":0,"rotation":0,"texture":"#0"},"up":{"uv":[8.5625,9.8125,8.25,9.375],"tintindex":0,"rotation":0,"texture":"#0"},"down":{"uv":[0.3125,9.4375,0.0,9.875],"tintindex":0,"rotation":0,"texture":"#0"}},"rotation":{"origin":[5.6173806,3.6900291,7.510767],"angle":-22.5,"axis":"z"}}],"display":{"gui":{"rotation":[30,225,0]}}}