{"textures":{"0":"modelengine:entity/shadow_dragon","1":"modelengine:entity/shadow_spirit"},"elements":[{"from":[5.489801,-3.0346022,2.0265017],"to":[10.4898,8.965399,10.026502],"faces":{"east":{"uv":[3.1875,7.875,3.6875,8.625],"tintindex":0,"rotation":0,"texture":"#0"},"south":{"uv":[8.5,8.125,8.8125,8.875],"tintindex":0,"rotation":0,"texture":"#0"},"north":{"uv":[8.5,8.125,8.8125,8.875],"tintindex":0,"rotation":0,"texture":"#0"},"west":{"uv":[3.1875,7.875,3.6875,8.625],"tintindex":0,"rotation":0,"texture":"#0"},"up":{"uv":[9.5625,9.8125,9.25,9.3125],"tintindex":0,"rotation":0,"texture":"#0"},"down":{"uv":[9.6875,2.5,9.375,3.0],"tintindex":0,"rotation":0,"texture":"#0"}},"rotation":{"origin":[7.9898005,3.4653988,6.5265017],"angle":22.5,"axis":"x"}},{"from":[10.51376,-0.6104784,6.723691],"to":[10.51376,10.389521,22.72369],"faces":{"east":{"uv":[4.0625,5.75,0.0625,3.0],"tintindex":0,"rotation":0,"texture":"#1"},"west":{"uv":[0.0625,5.75,4.0625,3.0],"tintindex":0,"rotation":0,"texture":"#1"}},"rotation":{"origin":[6.51376,4.6395206,-0.276309],"angle":-22.5,"axis":"y"}}],"display":{"gui":{"rotation":[30,225,0]}}}