{"textures":{"0":"modelengine:entity/shadow_dragon"},"elements":[{"from":[5.5875,0.40274858,5.2656302],"to":[10.5875,8.402748,10.265631],"faces":{"east":{"uv":[8.875,9.3125,9.1875,9.8125],"tintindex":0,"rotation":0,"texture":"#0"},"south":{"uv":[9.25,8.125,9.5625,8.625],"tintindex":0,"rotation":0,"texture":"#0"},"north":{"uv":[9.25,8.125,9.5625,8.625],"tintindex":0,"rotation":0,"texture":"#0"},"west":{"uv":[8.875,9.3125,9.1875,9.8125],"tintindex":0,"rotation":0,"texture":"#0"},"up":{"uv":[1.0625,9.9375,0.75,9.625],"tintindex":0,"rotation":0,"texture":"#0"},"down":{"uv":[1.4375,9.625,1.125,9.9375],"tintindex":0,"rotation":0,"texture":"#0"}}}],"display":{"gui":{"rotation":[30,225,0]}}}