{"textures":{"0":"modelengine:entity/shadow_dragon"},"elements":[{"from":[-0.22791195,7.8333335,8.524251],"to":[0.77208805,8.5,17.190918],"faces":{"east":{"uv":[8.75,0.4375,10.375,0.5625],"tintindex":0,"rotation":0,"texture":"#0"},"south":{"uv":[10.1875,4.5,10.375,4.625],"tintindex":0,"rotation":0,"texture":"#0"},"north":{"uv":[10.1875,4.3125,10.375,4.4375],"tintindex":0,"rotation":0,"texture":"#0"},"west":{"uv":[8.75,4.8125,10.375,4.9375],"tintindex":0,"rotation":0,"texture":"#0"},"up":{"uv":[4.75,9.8125,4.5625,8.1875],"tintindex":0,"rotation":0,"texture":"#0"},"down":{"uv":[5.0,8.1875,4.8125,9.8125],"tintindex":0,"rotation":0,"texture":"#0"}},"rotation":{"origin":[0.27208805,8.166667,12.857585],"angle":-45.0,"axis":"y"}},{"from":[2.9837046,7.8500004,8.445133],"to":[7.983705,8.483334,9.445133],"faces":{"east":{"uv":[1.6875,10.1875,1.875,10.3125],"tintindex":0,"rotation":0,"texture":"#0"},"south":{"uv":[9.4375,7.5,10.375,7.625],"tintindex":0,"rotation":0,"texture":"#0"},"north":{"uv":[9.375,3.0625,10.3125,3.1875],"tintindex":0,"rotation":0,"texture":"#0"},"west":{"uv":[1.9375,10.1875,2.125,10.3125],"tintindex":0,"rotation":0,"texture":"#0"},"up":{"uv":[10.0625,3.8125,9.125,3.625],"tintindex":0,"rotation":0,"texture":"#0"},"down":{"uv":[10.0625,3.875,9.125,4.0625],"tintindex":0,"rotation":0,"texture":"#0"}},"rotation":{"origin":[5.4837046,8.166667,8.945133],"angle":22.5,"axis":"y"}},{"from":[-4.430113,8.175,15.059786],"to":[-2.0967789,8.175,17.726452],"faces":{"up":{"uv":[2.875,9.1875,2.4375,8.6875],"tintindex":0,"rotation":0,"texture":"#0"},"down":{"uv":[2.875,8.6875,2.4375,9.1875],"tintindex":0,"rotation":0,"texture":"#0"}},"rotation":{"origin":[-3.2634459,8.175,16.39312],"angle":-45.0,"axis":"y"}},{"from":[-4.1590147,8.166667,7.751677],"to":[7.840986,8.166667,26.418343],"faces":{"up":{"uv":[2.25,3.5,0.0,0.0],"tintindex":0,"rotation":0,"texture":"#0"},"down":{"uv":[2.25,0.0,0.0,3.5],"tintindex":0,"rotation":0,"texture":"#0"}}}],"display":{"gui":{"rotation":[30,225,0]}}}