{"textures":{"0":"modelengine:entity/shadow_dragon"},"elements":[{"from":[1.4734573,8.00125,1.5040531],"to":[7.4734573,8.00125,29.504051],"faces":{"up":{"uv":[3.125,7.0625,2.375,3.5625],"tintindex":0,"rotation":0,"texture":"#0"},"down":{"uv":[3.125,3.5625,2.375,7.0625],"tintindex":0,"rotation":0,"texture":"#0"}}},{"from":[1.5989475,7.5012503,5.982568],"to":[7.5989475,8.50125,7.482568],"faces":{"east":{"uv":[8.0,9.6875,8.1875,9.8125],"tintindex":0,"rotation":0,"texture":"#0"},"south":{"uv":[9.5625,6.9375,10.3125,7.0625],"tintindex":0,"rotation":0,"texture":"#0"},"north":{"uv":[5.0625,8.25,5.8125,8.375],"tintindex":0,"rotation":0,"texture":"#0"},"west":{"uv":[10.125,0.25,10.3125,0.375],"tintindex":0,"rotation":0,"texture":"#0"},"up":{"uv":[10.125,8.875,9.375,8.6875],"tintindex":0,"rotation":0,"texture":"#0"},"down":{"uv":[10.125,8.9375,9.375,9.125],"tintindex":0,"rotation":0,"texture":"#0"}},"rotation":{"origin":[4.5989475,8.00125,6.732568],"angle":-22.5,"axis":"y"}}],"display":{"gui":{"rotation":[30,225,0]}}}