{"textures":{"0":"modelengine:entity/shadow_dragon"},"elements":[{"from":[1.3952475,7.7510414,5.217175],"to":[5.728581,8.417708,6.217175],"faces":{"east":{"uv":[2.1875,10.1875,2.375,10.3125],"tintindex":0,"rotation":0,"texture":"#0"},"south":{"uv":[9.5625,6.75,10.375,6.875],"tintindex":0,"rotation":0,"texture":"#0"},"north":{"uv":[9.5625,6.5625,10.375,6.6875],"tintindex":0,"rotation":0,"texture":"#0"},"west":{"uv":[10.1875,3.25,10.375,3.375],"tintindex":0,"rotation":0,"texture":"#0"},"up":{"uv":[10.125,3.4375,9.3125,3.25],"tintindex":0,"rotation":0,"texture":"#0"},"down":{"uv":[10.125,7.75,9.3125,7.9375],"tintindex":0,"rotation":0,"texture":"#0"}}},{"from":[4.902589,7.7677083,6.4747014],"to":[8.569256,8.401042,7.4747014],"faces":{"east":{"uv":[5.4375,10.1875,5.625,10.3125],"tintindex":0,"rotation":0,"texture":"#0"},"south":{"uv":[9.625,9.5,10.3125,9.625],"tintindex":0,"rotation":0,"texture":"#0"},"north":{"uv":[9.625,2.3125,10.3125,2.4375],"tintindex":0,"rotation":0,"texture":"#0"},"west":{"uv":[10.1875,5.625,10.375,5.75],"tintindex":0,"rotation":0,"texture":"#0"},"up":{"uv":[10.125,5.8125,9.4375,5.625],"tintindex":0,"rotation":0,"texture":"#0"},"down":{"uv":[10.125,7.25,9.4375,7.4375],"tintindex":0,"rotation":0,"texture":"#0"}},"rotation":{"origin":[6.7359223,8.084374,6.9747014],"angle":-45.0,"axis":"y"}},{"from":[2.0619144,8.084374,2.217175],"to":[5.0619144,8.084374,5.217175],"faces":{"up":{"uv":[8.6875,0.5625,8.125,0.0],"tintindex":0,"rotation":0,"texture":"#0"},"down":{"uv":[8.6875,0.0,8.125,0.5625],"tintindex":0,"rotation":0,"texture":"#0"}}},{"from":[1.6341724,8.084374,5.4423676],"to":[7.6341724,8.084374,24.109035],"faces":{"up":{"uv":[1.125,7.0625,0.0,3.5625],"tintindex":0,"rotation":0,"texture":"#0"},"down":{"uv":[1.125,3.5625,0.0,7.0625],"tintindex":0,"rotation":0,"texture":"#0"}}}],"display":{"gui":{"rotation":[30,225,0]}}}