{"textures":{"0":"modelengine:entity/shadow_dragon"},"elements":[{"from":[5.5680895,2.5892382,5.8816023],"to":[10.5680895,9.589238,12.881603],"faces":{"east":{"uv":[8.9375,0.625,9.375,1.0625],"tintindex":0,"rotation":0,"texture":"#0"},"south":{"uv":[9.4375,0.625,9.75,1.0625],"tintindex":0,"rotation":0,"texture":"#0"},"north":{"uv":[9.4375,0.625,9.75,1.0625],"tintindex":0,"rotation":0,"texture":"#0"},"west":{"uv":[8.9375,0.625,9.375,1.0625],"tintindex":0,"rotation":0,"texture":"#0"},"up":{"uv":[1.875,9.875,1.5625,9.4375],"tintindex":0,"rotation":0,"texture":"#0"},"down":{"uv":[2.25,9.4375,1.9375,9.875],"tintindex":0,"rotation":0,"texture":"#0"}},"rotation":{"origin":[8.0680895,6.089238,9.881603],"angle":-45.0,"axis":"x"}}],"display":{"gui":{"rotation":[30,225,0]}}}