{"textures":{"0":"modelengine:entity/shadow_dragon"},"elements":[{"from":[6.5555553,2.8571668,2.4339762],"to":[8.555555,5.857167,4.433976],"faces":{"east":{"uv":[7.4375,8.5,7.5625,8.6875],"tintindex":0,"rotation":0,"texture":"#0"},"south":{"uv":[5.875,8.8125,6.0,9.0],"tintindex":0,"rotation":0,"texture":"#0"},"north":{"uv":[8.375,1.125,8.5,1.3125],"tintindex":0,"rotation":0,"texture":"#0"},"west":{"uv":[10.0625,8.3125,10.1875,8.5],"tintindex":0,"rotation":0,"texture":"#0"},"up":{"uv":[0.5,9.5625,0.375,9.4375],"tintindex":0,"rotation":0,"texture":"#0"},"down":{"uv":[2.5625,10.1875,2.4375,10.3125],"tintindex":0,"rotation":0,"texture":"#0"}},"rotation":{"origin":[5.5555553,4.357167,3.4339762],"angle":22.5,"axis":"x"}},{"from":[8.60653,2.8571668,5.484952],"to":[10.60653,5.857167,7.484952],"faces":{"east":{"uv":[10.0625,9.1875,10.1875,9.375],"tintindex":0,"rotation":0,"texture":"#0"},"south":{"uv":[10.125,0.0,10.25,0.1875],"tintindex":0,"rotation":0,"texture":"#0"},"north":{"uv":[8.375,10.0625,8.5,10.25],"tintindex":0,"rotation":0,"texture":"#0"},"west":{"uv":[10.125,0.625,10.25,0.8125],"tintindex":0,"rotation":0,"texture":"#0"},"up":{"uv":[5.8125,10.3125,5.6875,10.1875],"tintindex":0,"rotation":0,"texture":"#0"},"down":{"uv":[6.0,10.1875,5.875,10.3125],"tintindex":0,"rotation":0,"texture":"#0"}},"rotation":{"origin":[9.60653,4.357167,6.484952],"angle":22.5,"axis":"z"}},{"from":[4.5555553,2.8571668,2.4339762],"to":[6.5555553,5.857167,4.433976],"faces":{"east":{"uv":[7.4375,8.5,7.5625,8.6875],"tintindex":0,"rotation":0,"texture":"#0"},"south":{"uv":[5.875,8.8125,6.0,9.0],"tintindex":0,"rotation":0,"texture":"#0"},"north":{"uv":[8.375,1.125,8.5,1.3125],"tintindex":0,"rotation":0,"texture":"#0"},"west":{"uv":[10.0625,8.3125,10.1875,8.5],"tintindex":0,"rotation":0,"texture":"#0"},"up":{"uv":[0.5,9.5625,0.375,9.4375],"tintindex":0,"rotation":0,"texture":"#0"},"down":{"uv":[2.5625,10.1875,2.4375,10.3125],"tintindex":0,"rotation":0,"texture":"#0"}},"rotation":{"origin":[5.5555553,4.357167,3.4339762],"angle":22.5,"axis":"x"}},{"from":[5.0555553,4.479223,3.7661028],"to":[10.055555,8.479223,8.766103],"faces":{"east":{"uv":[9.75,2.5,10.0625,2.75],"tintindex":0,"rotation":0,"texture":"#0"},"south":{"uv":[7.625,9.6875,7.9375,9.9375],"tintindex":0,"rotation":0,"texture":"#0"},"north":{"uv":[7.625,9.6875,7.9375,9.9375],"tintindex":0,"rotation":0,"texture":"#0"},"west":{"uv":[9.75,2.5,10.0625,2.75],"tintindex":0,"rotation":0,"texture":"#0"},"up":{"uv":[7.5625,9.875,7.25,9.5625],"tintindex":0,"rotation":0,"texture":"#0"},"down":{"uv":[7.5625,9.875,7.25,9.5625],"tintindex":0,"rotation":0,"texture":"#0"}},"rotation":{"origin":[7.5555553,6.479223,6.266103],"angle":-45.0,"axis":"x"}},{"from":[7.5555553,-0.6644716,2.0359259],"to":[7.5555553,3.3355284,5.035926],"faces":{"east":{"uv":[7.4375,9.9375,7.25,10.1875],"tintindex":0,"rotation":0,"texture":"#0"},"west":{"uv":[7.25,9.9375,7.4375,10.1875],"tintindex":0,"rotation":0,"texture":"#0"}}},{"from":[8.0045805,-0.6644716,6.484952],"to":[11.0045805,3.3355284,6.484952],"faces":{"south":{"uv":[7.4375,9.9375,7.25,10.1875],"tintindex":0,"rotation":0,"texture":"#0"},"north":{"uv":[7.25,9.9375,7.4375,10.1875],"tintindex":0,"rotation":0,"texture":"#0"}}},{"from":[8.555555,2.8571668,2.4339762],"to":[10.555555,5.857167,4.433976],"faces":{"east":{"uv":[7.4375,8.5,7.5625,8.6875],"tintindex":0,"rotation":0,"texture":"#0"},"south":{"uv":[5.875,8.8125,6.0,9.0],"tintindex":0,"rotation":0,"texture":"#0"},"north":{"uv":[8.375,1.125,8.5,1.3125],"tintindex":0,"rotation":0,"texture":"#0"},"west":{"uv":[10.0625,8.3125,10.1875,8.5],"tintindex":0,"rotation":0,"texture":"#0"},"up":{"uv":[0.5,9.5625,0.375,9.4375],"tintindex":0,"rotation":0,"texture":"#0"},"down":{"uv":[2.5625,10.1875,2.4375,10.3125],"tintindex":0,"rotation":0,"texture":"#0"}},"rotation":{"origin":[5.5555553,4.357167,3.4339762],"angle":22.5,"axis":"x"}},{"from":[9.555555,-0.6644716,2.0359259],"to":[9.555555,3.3355284,5.035926],"faces":{"east":{"uv":[7.4375,9.9375,7.25,10.1875],"tintindex":0,"rotation":0,"texture":"#0"},"west":{"uv":[7.25,9.9375,7.4375,10.1875],"tintindex":0,"rotation":0,"texture":"#0"}}},{"from":[5.5555553,-0.6644716,2.0359259],"to":[5.5555553,3.3355284,5.035926],"faces":{"east":{"uv":[7.4375,9.9375,7.25,10.1875],"tintindex":0,"rotation":0,"texture":"#0"},"west":{"uv":[7.25,9.9375,7.4375,10.1875],"tintindex":0,"rotation":0,"texture":"#0"}}}],"display":{"gui":{"rotation":[30,225,0]}}}