{"textures":{"0":"modelengine:entity/shadow_dragon"},"elements":[{"from":[3.0022058,0.48157978,-2.3802605],"to":[13.002206,11.481579,8.61974],"faces":{"east":{"uv":[3.0625,7.125,3.75,7.8125],"tintindex":0,"rotation":0,"texture":"#0"},"south":{"uv":[7.1875,7.25,7.8125,7.9375],"tintindex":0,"rotation":0,"texture":"#0"},"north":{"uv":[6.5,7.25,7.125,7.9375],"tintindex":0,"rotation":0,"texture":"#0"},"west":{"uv":[3.8125,7.1875,4.5,7.875],"tintindex":0,"rotation":0,"texture":"#0"},"up":{"uv":[7.9375,6.0625,7.3125,5.375],"tintindex":0,"rotation":0,"texture":"#0"},"down":{"uv":[7.9375,6.125,7.3125,6.8125],"tintindex":0,"rotation":0,"texture":"#0"}},"rotation":{"origin":[8.002206,5.981579,3.1197395],"angle":-22.5,"axis":"x"}}],"display":{"gui":{"rotation":[30,225,0]}}}