{"textures":{"0":"modelengine:entity/shadow_dragon"},"elements":[{"from":[8.526543,8.00125,1.5040531],"to":[14.526543,8.00125,29.504051],"faces":{"up":{"uv":[2.375,7.0625,3.125,3.5625],"tintindex":0,"rotation":0,"texture":"#0"},"down":{"uv":[2.375,3.5625,3.125,7.0625],"tintindex":0,"rotation":0,"texture":"#0"}}},{"from":[8.401052,7.5012503,5.982568],"to":[14.401052,8.50125,7.482568],"faces":{"east":{"uv":[10.3125,0.25,10.125,0.375],"tintindex":0,"rotation":0,"texture":"#0"},"south":{"uv":[10.3125,6.9375,9.5625,7.0625],"tintindex":0,"rotation":0,"texture":"#0"},"north":{"uv":[5.8125,8.25,5.0625,8.375],"tintindex":0,"rotation":0,"texture":"#0"},"west":{"uv":[8.1875,9.6875,8.0,9.8125],"tintindex":0,"rotation":0,"texture":"#0"},"up":{"uv":[9.375,8.875,10.125,8.6875],"tintindex":0,"rotation":0,"texture":"#0"},"down":{"uv":[9.375,8.9375,10.125,9.125],"tintindex":0,"rotation":0,"texture":"#0"}},"rotation":{"origin":[11.401052,8.00125,6.732568],"angle":22.5,"axis":"y"}}],"display":{"gui":{"rotation":[30,225,0]}}}