{"textures":{"0":"modelengine:entity/shadow_dragon"},"elements":[{"from":[7.4307446,7.7677083,6.4747014],"to":[11.097411,8.401042,7.4747014],"faces":{"east":{"uv":[10.375,5.625,10.1875,5.75],"tintindex":0,"rotation":0,"texture":"#0"},"south":{"uv":[10.3125,9.5,9.625,9.625],"tintindex":0,"rotation":0,"texture":"#0"},"north":{"uv":[10.3125,2.3125,9.625,2.4375],"tintindex":0,"rotation":0,"texture":"#0"},"west":{"uv":[5.625,10.1875,5.4375,10.3125],"tintindex":0,"rotation":0,"texture":"#0"},"up":{"uv":[9.4375,5.8125,10.125,5.625],"tintindex":0,"rotation":0,"texture":"#0"},"down":{"uv":[9.4375,7.25,10.125,7.4375],"tintindex":0,"rotation":0,"texture":"#0"}},"rotation":{"origin":[9.264077,8.084374,6.9747014],"angle":45.0,"axis":"y"}},{"from":[10.938086,8.084374,2.217175],"to":[13.938086,8.084374,5.217175],"faces":{"up":{"uv":[8.125,0.5625,8.6875,0.0],"tintindex":0,"rotation":0,"texture":"#0"},"down":{"uv":[8.125,0.0,8.6875,0.5625],"tintindex":0,"rotation":0,"texture":"#0"}}},{"from":[8.365828,8.084374,5.4423676],"to":[14.365828,8.084374,24.109035],"faces":{"up":{"uv":[0.0,7.0625,1.125,3.5625],"tintindex":0,"rotation":0,"texture":"#0"},"down":{"uv":[0.0,3.5625,1.125,7.0625],"tintindex":0,"rotation":0,"texture":"#0"}}},{"from":[10.27142,7.7510414,5.217175],"to":[14.604753,8.417708,6.217175],"faces":{"east":{"uv":[10.375,3.25,10.1875,3.375],"tintindex":0,"rotation":0,"texture":"#0"},"south":{"uv":[10.375,6.75,9.5625,6.875],"tintindex":0,"rotation":0,"texture":"#0"},"north":{"uv":[10.375,6.5625,9.5625,6.6875],"tintindex":0,"rotation":0,"texture":"#0"},"west":{"uv":[2.375,10.1875,2.1875,10.3125],"tintindex":0,"rotation":0,"texture":"#0"},"up":{"uv":[9.3125,3.4375,10.125,3.25],"tintindex":0,"rotation":0,"texture":"#0"},"down":{"uv":[9.3125,7.75,10.125,7.9375],"tintindex":0,"rotation":0,"texture":"#0"}}}],"display":{"gui":{"rotation":[30,225,0]}}}