{"textures":{"0":"modelengine:entity/shadow_dragon"},"elements":[{"from":[15.227912,7.8333335,8.524251],"to":[16.227913,8.5,17.190918],"faces":{"east":{"uv":[10.375,4.8125,8.75,4.9375],"tintindex":0,"rotation":0,"texture":"#0"},"south":{"uv":[10.375,4.5,10.1875,4.625],"tintindex":0,"rotation":0,"texture":"#0"},"north":{"uv":[10.375,4.3125,10.1875,4.4375],"tintindex":0,"rotation":0,"texture":"#0"},"west":{"uv":[10.375,0.4375,8.75,0.5625],"tintindex":0,"rotation":0,"texture":"#0"},"up":{"uv":[4.5625,9.8125,4.75,8.1875],"tintindex":0,"rotation":0,"texture":"#0"},"down":{"uv":[4.8125,8.1875,5.0,9.8125],"tintindex":0,"rotation":0,"texture":"#0"}},"rotation":{"origin":[15.727912,8.166667,12.857585],"angle":45.0,"axis":"y"}},{"from":[8.159015,8.166667,7.751677],"to":[20.159016,8.166667,26.418343],"faces":{"up":{"uv":[0.0,3.5,2.25,0.0],"tintindex":0,"rotation":0,"texture":"#0"},"down":{"uv":[0.0,0.0,2.25,3.5],"tintindex":0,"rotation":0,"texture":"#0"}}},{"from":[8.016295,7.8500004,8.445133],"to":[13.016295,8.483334,9.445133],"faces":{"east":{"uv":[2.125,10.1875,1.9375,10.3125],"tintindex":0,"rotation":0,"texture":"#0"},"south":{"uv":[10.375,7.5,9.4375,7.625],"tintindex":0,"rotation":0,"texture":"#0"},"north":{"uv":[10.3125,3.0625,9.375,3.1875],"tintindex":0,"rotation":0,"texture":"#0"},"west":{"uv":[1.875,10.1875,1.6875,10.3125],"tintindex":0,"rotation":0,"texture":"#0"},"up":{"uv":[9.125,3.8125,10.0625,3.625],"tintindex":0,"rotation":0,"texture":"#0"},"down":{"uv":[9.125,3.875,10.0625,4.0625],"tintindex":0,"rotation":0,"texture":"#0"}},"rotation":{"origin":[10.516295,8.166667,8.945133],"angle":-22.5,"axis":"y"}},{"from":[18.096779,8.175,15.059786],"to":[20.430113,8.175,17.726452],"faces":{"up":{"uv":[2.4375,9.1875,2.875,8.6875],"tintindex":0,"rotation":0,"texture":"#0"},"down":{"uv":[2.4375,8.6875,2.875,9.1875],"tintindex":0,"rotation":0,"texture":"#0"}},"rotation":{"origin":[19.263447,8.175,16.39312],"angle":45.0,"axis":"y"}}],"display":{"gui":{"rotation":[30,225,0]}}}