{"textures":{"0":"modelengine:entity/shadow_dragon"},"elements":[{"from":[6.0,5.8986497,8.370716],"to":[10.0,10.898649,20.370716],"faces":{"east":{"uv":[8.5,3.25,9.25,3.5625],"tintindex":0,"rotation":0,"texture":"#0"},"south":{"uv":[3.75,9.6875,4.0,10.0],"tintindex":0,"rotation":0,"texture":"#0"},"north":{"uv":[4.9375,5.4375,5.1875,5.75],"tintindex":0,"rotation":0,"texture":"#0"},"west":{"uv":[6.625,8.5,7.375,8.8125],"tintindex":0,"rotation":0,"texture":"#0"},"up":{"uv":[1.8125,9.25,1.5625,8.5],"tintindex":0,"rotation":0,"texture":"#0"},"down":{"uv":[3.6875,8.6875,3.4375,9.4375],"tintindex":0,"rotation":0,"texture":"#0"}}},{"from":[8.0,10.898649,8.370716],"to":[8.0,14.898649,20.370716],"faces":{"east":{"uv":[8.9375,1.625,9.6875,1.875],"tintindex":0,"rotation":0,"texture":"#0"},"west":{"uv":[8.9375,5.875,9.6875,6.125],"tintindex":0,"rotation":0,"texture":"#0"}}}],"display":{"gui":{"rotation":[30,225,0]}}}