{"textures":{"0":"modelengine:entity/shadow_dragon"},"elements":[{"from":[6.0,7.056862,9.634912],"to":[6.0,12.056862,24.63491],"faces":{"east":{"uv":[9.1875,2.5,8.25,2.8125],"tintindex":0,"rotation":0,"texture":"#0"},"west":{"uv":[8.25,2.5,9.1875,2.8125],"tintindex":0,"rotation":0,"texture":"#0"}},"rotation":{"origin":[6.0,9.556862,15.634912],"angle":45.0,"axis":"x"}},{"from":[10.0,7.056862,9.634912],"to":[10.0,12.056862,24.63491],"faces":{"east":{"uv":[9.1875,2.5,8.25,2.8125],"tintindex":0,"rotation":0,"texture":"#0"},"west":{"uv":[8.25,2.5,9.1875,2.8125],"tintindex":0,"rotation":0,"texture":"#0"}},"rotation":{"origin":[10.0,9.556862,15.634912],"angle":45.0,"axis":"x"}},{"from":[4.0,-0.18577862,5.39227],"to":[12.0,8.81422,20.39227],"faces":{"east":{"uv":[6.9375,3.125,7.875,3.6875],"tintindex":0,"rotation":0,"texture":"#0"},"south":{"uv":[0.0,8.375,0.5,8.9375],"tintindex":0,"rotation":0,"texture":"#0"},"north":{"uv":[0.0,8.375,0.5,8.9375],"tintindex":0,"rotation":0,"texture":"#0"},"west":{"uv":[6.9375,3.75,7.875,4.3125],"tintindex":0,"rotation":0,"texture":"#0"},"up":{"uv":[6.4375,7.9375,5.9375,7.0],"tintindex":0,"rotation":0,"texture":"#0"},"down":{"uv":[7.75,1.375,7.25,2.3125],"tintindex":0,"rotation":0,"texture":"#0"}},"rotation":{"origin":[8.0,5.3142204,11.39227],"angle":45.0,"axis":"x"}}],"display":{"gui":{"rotation":[30,225,0]}}}