{"textures":{"0":"modelengine:entity/shadow_dragon"},"elements":[{"from":[5.0,2.6955047,7.584896],"to":[11.0,9.695505,20.584894],"faces":{"east":{"uv":[7.8125,2.0,8.625,2.4375],"tintindex":0,"rotation":0,"texture":"#0"},"south":{"uv":[4.125,9.0625,4.5,9.5],"tintindex":0,"rotation":0,"texture":"#0"},"north":{"uv":[4.125,9.0625,4.5,9.5],"tintindex":0,"rotation":0,"texture":"#0"},"west":{"uv":[7.875,6.875,8.6875,7.3125],"tintindex":0,"rotation":0,"texture":"#0"},"up":{"uv":[8.0,8.9375,7.625,8.125],"tintindex":0,"rotation":0,"texture":"#0"},"down":{"uv":[8.4375,8.125,8.0625,8.9375],"tintindex":0,"rotation":0,"texture":"#0"}},"rotation":{"origin":[8.0,7.195505,13.084896],"angle":22.5,"axis":"x"}},{"from":[8.0,9.314902,9.498312],"to":[8.0,14.314902,22.498312],"faces":{"east":{"uv":[8.4375,7.75,9.25,8.0625],"tintindex":0,"rotation":0,"texture":"#0"},"west":{"uv":[8.5,2.875,9.3125,3.1875],"tintindex":0,"rotation":0,"texture":"#0"}},"rotation":{"origin":[8.0,11.814902,14.998312],"angle":22.5,"axis":"x"}}],"display":{"gui":{"rotation":[30,225,0]}}}