{"textures":{"0":"modelengine:entity/shadow_dragon"},"elements":[{"from":[4.5,16.538074,-0.6902065],"to":[4.5,22.538074,13.309793],"faces":{"east":{"uv":[8.875,5.375,8.0,5.75],"tintindex":0,"rotation":0,"texture":"#0"},"west":{"uv":[8.0,5.375,8.875,5.75],"tintindex":0,"rotation":0,"texture":"#0"}},"rotation":{"origin":[4.5,19.538074,6.3097935],"angle":22.5,"axis":"x"}},{"from":[2.5,4.261219,-4.325699],"to":[13.5,17.261219,9.674301],"faces":{"east":{"uv":[4.0,5.4375,4.875,6.25],"tintindex":0,"rotation":0,"texture":"#0"},"south":{"uv":[6.1875,4.625,6.875,5.4375],"tintindex":0,"rotation":0,"texture":"#0"},"north":{"uv":[6.1875,4.625,6.875,5.4375],"tintindex":0,"rotation":0,"texture":"#0"},"west":{"uv":[5.5625,1.875,6.4375,2.6875],"tintindex":0,"rotation":0,"texture":"#0"},"up":{"uv":[6.875,3.625,6.1875,2.75],"tintindex":0,"rotation":0,"texture":"#0"},"down":{"uv":[6.875,3.6875,6.1875,4.5625],"tintindex":0,"rotation":0,"texture":"#0"}},"rotation":{"origin":[8.0,10.761219,2.6743011],"angle":22.5,"axis":"x"}},{"from":[11.5,16.538074,-0.6902065],"to":[11.5,22.538074,13.309793],"faces":{"east":{"uv":[8.875,5.375,8.0,5.75],"tintindex":0,"rotation":0,"texture":"#0"},"west":{"uv":[8.0,5.375,8.875,5.75],"tintindex":0,"rotation":0,"texture":"#0"}},"rotation":{"origin":[11.5,19.538074,6.3097935],"angle":22.5,"axis":"x"}}],"display":{"gui":{"rotation":[30,225,0]}}}