{"textures":{"0":"starlight:/wings_animated"},"elements":[{"from":[-14.039442,-1.8409433,8.0],"to":[5.401841,17.553604,8.0],"faces":{"south":{"uv":[16.0,16.0,0.0,0.0],"tintindex":0,"rotation":180,"texture":"#0"},"north":{"uv":[16.0,0.0,0.0,16.0],"tintindex":0,"rotation":0,"texture":"#0"}},"rotation":{"origin":[5.0279703,1.78093,8.0],"angle":22.5,"axis":"y"}},{"from":[-14.039442,0.028410435,8.0],"to":[5.401841,19.422958,8.0],"faces":{"south":{"uv":[16.0,16.0,0.0,0.0],"tintindex":0,"rotation":180,"texture":"#0"},"north":{"uv":[16.0,0.0,0.0,16.0],"tintindex":0,"rotation":0,"texture":"#0"}},"rotation":{"origin":[5.0279703,3.6502838,8.0],"angle":45.0,"axis":"z"}},{"from":[-11.235411,4.7017956,8.0],"to":[8.205872,24.096344,8.0],"faces":{"south":{"uv":[16.0,16.0,0.0,0.0],"tintindex":0,"rotation":180,"texture":"#0"},"north":{"uv":[16.0,0.0,0.0,16.0],"tintindex":0,"rotation":0,"texture":"#0"}},"rotation":{"origin":[-1.5147686,14.39907,8.0],"angle":-22.5,"axis":"z"}}],"display":{"gui":{"rotation":[30,225,0]}}}