{"textures":{"0":"starlight:/wings_animated"},"elements":[{"from":[10.59816,-1.8409433,8.0],"to":[30.039442,17.553604,8.0],"faces":{"south":{"uv":[0.0,16.0,16.0,0.0],"tintindex":0,"rotation":180,"texture":"#0"},"north":{"uv":[0.0,0.0,16.0,16.0],"tintindex":0,"rotation":0,"texture":"#0"}},"rotation":{"origin":[10.97203,1.78093,8.0],"angle":-22.5,"axis":"y"}},{"from":[10.59816,0.028410435,8.0],"to":[30.039442,19.422958,8.0],"faces":{"south":{"uv":[0.0,16.0,16.0,0.0],"tintindex":0,"rotation":180,"texture":"#0"},"north":{"uv":[0.0,0.0,16.0,16.0],"tintindex":0,"rotation":0,"texture":"#0"}},"rotation":{"origin":[10.97203,3.6502838,8.0],"angle":-45.0,"axis":"z"}},{"from":[7.794128,4.7017956,8.0],"to":[27.23541,24.096344,8.0],"faces":{"south":{"uv":[0.0,16.0,16.0,0.0],"tintindex":0,"rotation":180,"texture":"#0"},"north":{"uv":[0.0,0.0,16.0,16.0],"tintindex":0,"rotation":0,"texture":"#0"}},"rotation":{"origin":[17.514769,14.39907,8.0],"angle":22.5,"axis":"z"}}],"display":{"gui":{"rotation":[30,225,0]}}}